account_id,customer_id,product_type,original_balance,current_balance,interest_rate_band,fees_accrued,days_past_due,loan_tenure_months,legal_stage,region_id
A10001,C0001,Credit Card,364076,112170,Medium,1420,30,36,Pre-Legal,R01
A10002,C0002,Credit Card,418008,464198,Low,16751,240,60,Pre-Legal,R02
A10003,C0003,Personal Loan,347891,466067,High,7527,60,60,Pre-Legal,R01
A10004,C0003,Credit Card,117247,194965,Low,11554,60,24,Pre-Legal,R02
A10005,C0004,Credit Card,430609,442534,Low,15666,60,12,Legal,R02
A10006,C0005,Telecom,318073,339036,Low,9715,30,60,Legal,R02
A10007,C0006,Credit Card,109876,39976,Medium,2733,120,48,Pre-Legal,R01
A10008,C0007,Personal Loan,355510,467333,Low,16347,60,12,Charged-Off,R02
A10009,C0008,Credit Card,61954,366863,Medium,1095,120,24,Pre-Legal,R01
A10010,C0009,Personal Loan,45020,450964,Medium,12644,30,36,Pre-Legal,R02
A10011,C0010,Credit Card,294097,121410,Medium,10500,30,36,Legal,R02
A10012,C0011,Personal Loan,68037,107115,High,13780,180,60,Pre-Legal,R02
A10013,C0012,Personal Loan,291480,342565,Medium,4282,60,24,Pre-Legal,R03
A10014,C0013,Credit Card,247600,195109,Medium,4013,30,60,Pre-Legal,R03
A10015,C0013,Credit Card,313151,465163,Medium,22917,240,12,Legal,R02
A10016,C0014,Credit Card,399739,67066,Medium,16638,180,48,Legal,R03
A10017,C0015,Credit Card,145604,377958,High,20574,30,24,Legal,R02
A10018,C0016,Personal Loan,312441,58890,Medium,10219,240,60,Pre-Legal,R02
A10019,C0016,Credit Card,249937,35365,Medium,9596,240,48,Pre-Legal,R01
A10020,C0017,Personal Loan,192106,15294,Low,11934,240,60,Pre-Legal,R02
A10021,C0018,Telecom,144891,269797,Medium,21350,120,60,Pre-Legal,R01
A10022,C0019,Credit Card,47472,74946,Low,2041,120,36,Legal,R01
A10023,C0020,Personal Loan,285116,164328,Medium,19153,240,48,Pre-Legal,R02
A10024,C0021,Credit Card,489847,203644,Low,1813,240,36,Legal,R01
A10025,C0022,Credit Card,480138,68915,Medium,7354,60,24,Pre-Legal,R02
A10026,C0022,Credit Card,460924,143041,Low,4293,60,48,Pre-Legal,R02
A10027,C0023,Personal Loan,27642,94971,High,5924,60,24,Pre-Legal,R02
A10028,C0023,Credit Card,219591,333555,High,14682,30,60,Pre-Legal,R02
A10029,C0024,Credit Card,332326,388403,Low,13663,30,24,Charged-Off,R03
A10030,C0024,Personal Loan,404906,220671,High,2224,60,24,Pre-Legal,R02
A10031,C0025,Credit Card,78408,183751,Low,1292,180,48,Pre-Legal,R03
A10032,C0026,Credit Card,83079,36577,Medium,15846,30,48,Legal,R03
A10033,C0027,Telecom,407410,430517,Medium,6488,240,36,Charged-Off,R02
A10034,C0027,Telecom,43290,389695,High,878,60,12,Legal,R01
A10035,C0028,Personal Loan,98006,261471,Low,15279,120,48,Pre-Legal,R01
A10036,C0029,Personal Loan,476938,169099,Low,14363,30,12,Pre-Legal,R01
A10037,C0030,Credit Card,407158,145466,High,24514,60,48,Legal,R03
A10038,C0031,Credit Card,323255,113273,Medium,12414,180,36,Legal,R02
A10039,C0032,Credit Card,414458,383987,Medium,7746,180,12,Legal,R02
A10040,C0033,Credit Card,264744,115128,High,4560,120,24,Legal,R02
A10041,C0034,Personal Loan,50348,424664,Low,23266,30,24,Legal,R01
A10042,C0035,Personal Loan,438712,269640,Low,13822,60,48,Pre-Legal,R02
A10043,C0036,Credit Card,42912,95771,High,1279,60,60,Legal,R02
A10044,C0037,Credit Card,393839,182558,Low,9534,120,24,Legal,R03
A10045,C0037,Credit Card,469542,242967,Low,4826,240,24,Pre-Legal,R01
A10046,C0038,Credit Card,336790,358331,High,24479,60,60,Legal,R02
A10047,C0038,Personal Loan,368058,196902,Low,17346,30,24,Legal,R01
A10048,C0039,Personal Loan,428845,73008,Low,11360,180,24,Legal,R01
A10049,C0040,Personal Loan,398226,334586,High,23866,120,36,Charged-Off,R03
A10050,C0041,Personal Loan,52125,244767,Medium,3150,120,12,Charged-Off,R02
A10051,C0042,Credit Card,240566,213139,High,21860,120,60,Pre-Legal,R01
A10052,C0043,Personal Loan,159143,68413,Medium,3408,240,24,Pre-Legal,R03
A10053,C0044,Credit Card,499145,263495,Medium,14668,180,24,Legal,R03
A10054,C0045,Personal Loan,201565,133724,High,14203,180,24,Pre-Legal,R03
A10055,C0046,Telecom,258411,417932,High,14830,120,12,Charged-Off,R01
A10056,C0046,Personal Loan,289357,139693,Low,3335,30,60,Pre-Legal,R03
A10057,C0047,Credit Card,357530,239309,Medium,10981,240,12,Pre-Legal,R03
A10058,C0048,Credit Card,331256,157012,Medium,24985,120,12,Pre-Legal,R02
A10059,C0048,Telecom,461737,258554,High,4485,180,36,Pre-Legal,R03
A10060,C0049,Personal Loan,353471,203297,Medium,17721,240,24,Legal,R01
A10061,C0049,Credit Card,456149,455523,Low,10502,120,60,Legal,R03
A10062,C0050,Credit Card,330511,290345,Medium,10010,30,12,Legal,R02
A10063,C0050,Personal Loan,235862,223000,Medium,17176,180,12,Pre-Legal,R02
A10064,C0051,Credit Card,481024,392721,High,3900,30,48,Legal,R01
A10065,C0051,Credit Card,321033,328572,Low,17987,180,24,Legal,R03
A10066,C0052,Personal Loan,207934,303102,High,10586,120,60,Legal,R03
A10067,C0052,Credit Card,130160,161836,Low,4102,30,60,Legal,R01
A10068,C0053,Telecom,299100,448689,Low,1114,180,36,Legal,R03
A10069,C0053,Personal Loan,120025,425949,High,21144,60,12,Pre-Legal,R03
A10070,C0054,Credit Card,330281,228083,High,23476,120,48,Pre-Legal,R03
A10071,C0055,Personal Loan,344058,78888,Low,17488,60,24,Pre-Legal,R02
A10072,C0055,Personal Loan,208929,151694,Medium,2199,180,60,Pre-Legal,R01
A10073,C0056,Personal Loan,371910,37995,Medium,17963,180,60,Charged-Off,R02
A10074,C0057,Credit Card,54523,212127,Medium,12236,120,24,Legal,R02
A10075,C0057,Personal Loan,129101,414472,Medium,9280,180,36,Pre-Legal,R03
A10076,C0058,Credit Card,41182,316517,Low,16543,240,12,Pre-Legal,R01
A10077,C0059,Credit Card,450282,413968,Medium,1853,30,48,Charged-Off,R03
A10078,C0060,Credit Card,440088,56708,Low,21300,30,12,Pre-Legal,R01
A10079,C0061,Credit Card,183543,324423,Medium,21945,120,24,Legal,R02
A10080,C0062,Telecom,51498,340899,Medium,17434,60,48,Pre-Legal,R01
A10081,C0063,Telecom,409303,479535,Medium,5906,120,12,Pre-Legal,R02
A10082,C0063,Personal Loan,308514,241090,Medium,12086,30,36,Pre-Legal,R02
A10083,C0064,Telecom,162321,135902,Low,13381,60,24,Pre-Legal,R02
A10084,C0065,Credit Card,137341,404929,High,9780,120,12,Legal,R01
A10085,C0066,Telecom,343671,407515,Medium,17673,60,12,Pre-Legal,R01
A10086,C0067,Telecom,97514,105135,High,14272,120,60,Pre-Legal,R02
A10087,C0068,Credit Card,149344,157832,High,18718,120,12,Pre-Legal,R03
A10088,C0069,Personal Loan,135074,463499,High,23005,60,24,Legal,R02
A10089,C0070,Personal Loan,282199,264084,High,3701,60,48,Pre-Legal,R02
A10090,C0071,Telecom,343923,184524,Low,18799,240,48,Pre-Legal,R02
A10091,C0072,Credit Card,39622,307552,Low,15907,60,60,Pre-Legal,R03
A10092,C0073,Telecom,263876,18196,Medium,2761,60,60,Pre-Legal,R02
A10093,C0074,Personal Loan,414321,131074,High,10219,30,48,Legal,R01
A10094,C0074,Credit Card,396826,72175,High,19476,180,12,Pre-Legal,R01
A10095,C0075,Personal Loan,35401,421100,Medium,2146,240,12,Legal,R02
A10096,C0075,Personal Loan,485448,305006,Low,7562,240,36,Legal,R03
A10097,C0076,Personal Loan,354716,270792,Medium,19631,30,24,Legal,R01
A10098,C0076,Personal Loan,431811,75148,High,2189,60,60,Legal,R02
A10099,C0077,Personal Loan,86354,127743,Low,1624,120,24,Pre-Legal,R03
A10100,C0078,Personal Loan,371296,41382,Medium,22919,180,12,Charged-Off,R02
A10101,C0079,Personal Loan,374620,319393,Medium,13876,30,60,Pre-Legal,R01
A10102,C0079,Credit Card,132150,446599,Low,16516,120,60,Pre-Legal,R02
A10103,C0080,Personal Loan,318303,54710,High,15292,60,60,Pre-Legal,R02
A10104,C0081,Credit Card,38320,109154,High,17852,120,12,Pre-Legal,R02
A10105,C0081,Telecom,359330,308128,High,20415,120,36,Legal,R02
A10106,C0082,Telecom,445665,106679,Low,10472,60,24,Pre-Legal,R01
A10107,C0083,Telecom,197476,165641,Medium,22169,120,60,Pre-Legal,R01
A10108,C0084,Personal Loan,29569,364337,Medium,22118,180,48,Pre-Legal,R02
A10109,C0085,Credit Card,423311,379688,Medium,5798,30,60,Legal,R02
A10110,C0086,Personal Loan,251110,46385,Low,20300,240,24,Pre-Legal,R03
A10111,C0086,Personal Loan,65784,383449,Medium,9359,60,12,Pre-Legal,R01
A10112,C0087,Credit Card,24922,478144,Medium,14041,30,24,Pre-Legal,R01
A10113,C0088,Credit Card,86691,156154,High,7586,240,48,Pre-Legal,R03
A10114,C0089,Personal Loan,34274,331689,High,18177,120,24,Pre-Legal,R02
A10115,C0090,Credit Card,458206,121748,Low,16591,120,36,Pre-Legal,R03
A10116,C0091,Credit Card,91309,224394,Medium,2385,60,60,Pre-Legal,R03
A10117,C0092,Credit Card,258515,415007,Medium,19615,120,48,Legal,R03
A10118,C0093,Personal Loan,338275,43876,Medium,20471,120,60,Legal,R02
A10119,C0094,Credit Card,494587,411562,Low,23908,120,24,Pre-Legal,R02
A10120,C0095,Credit Card,355417,389472,High,17776,30,12,Legal,R02
A10121,C0096,Personal Loan,449358,453895,High,11460,120,48,Pre-Legal,R02
A10122,C0097,Personal Loan,446941,218754,Medium,24297,60,36,Charged-Off,R02
A10123,C0098,Credit Card,128237,391620,Medium,22274,30,12,Pre-Legal,R03
A10124,C0099,Credit Card,275539,27213,Low,14662,30,48,Legal,R01
A10125,C0100,Telecom,482166,392988,Medium,12620,180,60,Charged-Off,R03
A10126,C0100,Credit Card,144034,36605,Low,14103,120,12,Pre-Legal,R02
A10127,C0101,Personal Loan,463098,424144,Low,2148,60,36,Pre-Legal,R01
A10128,C0102,Telecom,362902,158435,Medium,10358,30,12,Pre-Legal,R02
A10129,C0103,Credit Card,228271,86688,High,11662,60,48,Pre-Legal,R01
A10130,C0104,Telecom,86188,201023,Medium,4290,30,48,Pre-Legal,R03
A10131,C0105,Credit Card,384691,123541,Medium,23391,180,24,Charged-Off,R01
A10132,C0106,Credit Card,156984,167586,Medium,6949,240,12,Legal,R01
A10133,C0106,Personal Loan,114488,273490,High,13176,60,36,Pre-Legal,R02
A10134,C0107,Telecom,218017,88741,Medium,18605,120,24,Pre-Legal,R02
A10135,C0108,Personal Loan,228270,174815,Medium,18190,240,12,Pre-Legal,R03
A10136,C0109,Credit Card,147337,299764,Low,2931,240,12,Pre-Legal,R01
A10137,C0110,Credit Card,382355,134502,Medium,11957,120,60,Legal,R03
A10138,C0111,Credit Card,395194,240864,High,7695,120,48,Pre-Legal,R01
A10139,C0112,Credit Card,281413,183678,High,11867,60,48,Charged-Off,R02
A10140,C0112,Credit Card,434750,368414,Low,7933,120,60,Pre-Legal,R02
A10141,C0113,Credit Card,221002,37228,Medium,11819,60,12,Pre-Legal,R01
A10142,C0114,Telecom,212828,214847,Medium,14246,60,12,Pre-Legal,R01
A10143,C0115,Credit Card,88049,335326,High,14395,120,24,Charged-Off,R01
A10144,C0116,Personal Loan,289580,363857,High,13138,60,12,Legal,R02
A10145,C0117,Credit Card,207167,342091,Medium,5007,240,24,Pre-Legal,R02
A10146,C0118,Credit Card,419749,457611,Low,13255,180,24,Legal,R01
A10147,C0119,Personal Loan,390298,214988,High,6329,180,24,Pre-Legal,R01
A10148,C0120,Credit Card,20148,409970,Medium,14091,120,48,Legal,R02
A10149,C0120,Credit Card,443913,462760,High,19936,180,60,Pre-Legal,R01
A10150,C0121,Personal Loan,198168,165616,Medium,3086,120,12,Pre-Legal,R03
A10151,C0121,Telecom,435427,437696,Low,10235,60,36,Pre-Legal,R02
A10152,C0122,Credit Card,210128,132928,Low,9976,60,36,Pre-Legal,R02
A10153,C0122,Telecom,312321,405166,Low,17179,180,12,Legal,R03
A10154,C0123,Credit Card,458598,114290,Medium,24642,60,36,Pre-Legal,R02
A10155,C0124,Telecom,329320,31105,Low,9761,60,36,Pre-Legal,R01
A10156,C0124,Personal Loan,105001,249824,High,2607,30,24,Legal,R02
A10157,C0125,Telecom,58598,153595,Medium,18574,180,36,Pre-Legal,R03
A10158,C0125,Credit Card,173463,281755,High,14580,180,36,Pre-Legal,R02
A10159,C0126,Telecom,491769,170887,High,7932,60,12,Legal,R01
A10160,C0127,Personal Loan,295236,373062,Low,6631,120,24,Pre-Legal,R02
A10161,C0128,Credit Card,348393,52361,Medium,20872,30,12,Charged-Off,R01
A10162,C0129,Credit Card,117243,144380,Low,16017,180,12,Charged-Off,R01
A10163,C0130,Telecom,205221,233712,Low,756,30,24,Legal,R03
A10164,C0131,Credit Card,467489,469472,Low,14767,60,60,Legal,R02
A10165,C0132,Credit Card,475619,228968,Low,545,60,12,Pre-Legal,R03
A10166,C0132,Credit Card,225591,408852,High,13525,60,12,Pre-Legal,R01
A10167,C0133,Credit Card,363822,88309,High,13001,60,24,Pre-Legal,R02
A10168,C0134,Personal Loan,151066,215940,Low,20784,60,24,Legal,R03
A10169,C0135,Telecom,347370,322311,Medium,2345,60,12,Pre-Legal,R02
A10170,C0136,Personal Loan,447562,393994,Medium,10340,30,60,Pre-Legal,R03
A10171,C0137,Telecom,383157,263182,High,13291,60,48,Pre-Legal,R01
A10172,C0137,Credit Card,185029,422124,Medium,23488,120,36,Legal,R03
A10173,C0138,Credit Card,391024,377470,Low,20625,60,36,Legal,R03
A10174,C0139,Credit Card,189809,148692,Medium,24229,120,12,Legal,R03
A10175,C0140,Credit Card,379295,63926,Low,9841,120,48,Legal,R03
A10176,C0141,Credit Card,291978,117192,Medium,11346,30,60,Pre-Legal,R03
A10177,C0142,Telecom,260822,71888,Medium,6583,60,48,Pre-Legal,R03
A10178,C0143,Personal Loan,335315,165594,Low,15135,30,60,Pre-Legal,R01
A10179,C0144,Personal Loan,229486,161192,High,11325,120,24,Pre-Legal,R01
A10180,C0145,Telecom,253984,92442,Medium,7110,60,12,Pre-Legal,R01
A10181,C0146,Credit Card,222509,316041,Medium,10915,180,60,Legal,R01
A10182,C0147,Credit Card,162617,76480,Medium,23321,120,12,Pre-Legal,R03
A10183,C0147,Personal Loan,203744,106891,Low,3718,240,12,Charged-Off,R02
A10184,C0148,Personal Loan,311813,325768,High,11609,120,12,Legal,R02
A10185,C0148,Credit Card,133694,249456,Medium,17748,120,24,Pre-Legal,R01
A10186,C0149,Credit Card,325009,68811,Low,20367,30,60,Pre-Legal,R01
A10187,C0149,Telecom,190231,300815,Medium,12090,30,60,Pre-Legal,R02
A10188,C0150,Credit Card,321364,294302,Medium,22991,240,48,Pre-Legal,R01
A10189,C0151,Credit Card,259073,101649,High,19703,60,24,Pre-Legal,R01
A10190,C0152,Telecom,496377,413422,Medium,17682,60,48,Legal,R01
A10191,C0153,Credit Card,328872,332545,Medium,1995,240,60,Legal,R01
A10192,C0154,Telecom,86433,228702,Low,24072,30,36,Pre-Legal,R01
A10193,C0155,Credit Card,358916,37024,Low,17876,30,48,Charged-Off,R02
A10194,C0155,Telecom,481328,117488,Low,2897,120,36,Pre-Legal,R01
A10195,C0156,Credit Card,164352,422962,Medium,19785,120,36,Legal,R03
A10196,C0157,Personal Loan,262955,460450,High,16403,60,48,Pre-Legal,R03
A10197,C0158,Personal Loan,249920,435873,Low,11059,30,36,Charged-Off,R03
A10198,C0158,Telecom,244691,97016,Medium,3208,180,12,Pre-Legal,R01
A10199,C0159,Credit Card,175855,393769,High,22036,30,12,Legal,R03
A10200,C0160,Telecom,455008,65613,Low,886,60,24,Pre-Legal,R03
A10201,C0160,Credit Card,141716,202486,High,13680,120,12,Pre-Legal,R03
A10202,C0161,Telecom,137919,410813,Medium,4483,60,48,Legal,R03
A10203,C0162,Telecom,308516,469923,Low,10454,60,24,Pre-Legal,R01
A10204,C0163,Telecom,271942,449010,Medium,17924,120,36,Legal,R03
A10205,C0164,Credit Card,120588,380500,Low,18473,180,60,Pre-Legal,R02
A10206,C0165,Credit Card,477301,257431,Medium,20567,120,48,Pre-Legal,R02
A10207,C0166,Credit Card,284012,98591,High,8132,30,60,Legal,R01
A10208,C0167,Telecom,39159,137366,High,5137,60,12,Pre-Legal,R01
A10209,C0168,Telecom,230126,231351,Medium,5217,240,24,Pre-Legal,R02
A10210,C0169,Personal Loan,381732,345828,Low,6107,240,48,Legal,R03
A10211,C0169,Credit Card,118662,310761,High,19428,120,12,Pre-Legal,R01
A10212,C0170,Telecom,368302,70264,Medium,5222,180,48,Pre-Legal,R01
A10213,C0171,Personal Loan,306298,428270,Medium,20407,180,36,Pre-Legal,R02
A10214,C0171,Personal Loan,392958,296608,Low,1002,60,24,Pre-Legal,R01
A10215,C0172,Personal Loan,239073,35156,High,18213,60,12,Pre-Legal,R02
A10216,C0173,Telecom,447557,257735,Medium,3268,240,36,Legal,R02
A10217,C0174,Credit Card,370041,87577,Low,6376,240,36,Legal,R02
A10218,C0175,Personal Loan,217687,322422,Medium,19731,60,24,Pre-Legal,R01
A10219,C0176,Personal Loan,363288,444643,Medium,11215,120,24,Legal,R02
A10220,C0177,Personal Loan,136049,144651,Low,8355,30,36,Legal,R01
A10221,C0177,Telecom,28625,316343,High,12204,120,60,Legal,R01
A10222,C0178,Credit Card,482326,35169,Medium,24634,180,60,Pre-Legal,R02
A10223,C0179,Credit Card,137419,318931,Low,18593,60,60,Pre-Legal,R01
A10224,C0180,Credit Card,236096,248731,Medium,18215,60,48,Charged-Off,R03
A10225,C0181,Credit Card,331776,446247,High,15800,240,60,Pre-Legal,R01
A10226,C0182,Personal Loan,348477,195378,Low,20964,120,24,Pre-Legal,R03
A10227,C0183,Credit Card,482176,407102,High,13918,120,24,Pre-Legal,R03
A10228,C0184,Personal Loan,38402,188917,High,2814,60,12,Pre-Legal,R02
A10229,C0185,Credit Card,141844,372054,Medium,14710,120,12,Pre-Legal,R01
A10230,C0185,Personal Loan,254745,69796,Low,4523,180,36,Legal,R02
A10231,C0186,Credit Card,51017,369182,High,8134,120,24,Pre-Legal,R03
A10232,C0187,Credit Card,162954,390286,Low,13379,30,48,Pre-Legal,R02
A10233,C0188,Telecom,125928,138014,Medium,23091,30,12,Pre-Legal,R01
A10234,C0189,Personal Loan,412561,295943,Medium,24055,60,24,Pre-Legal,R01
A10235,C0190,Personal Loan,92908,84109,High,9922,60,60,Pre-Legal,R01
A10236,C0191,Telecom,44435,102212,Medium,22287,180,12,Pre-Legal,R01
A10237,C0192,Personal Loan,356178,319466,Low,9024,120,12,Charged-Off,R01
A10238,C0192,Telecom,239739,138182,High,8363,60,36,Pre-Legal,R03
A10239,C0193,Credit Card,196540,225774,Medium,14567,30,48,Charged-Off,R02
A10240,C0194,Telecom,218691,192218,High,18574,120,12,Pre-Legal,R01
A10241,C0195,Telecom,266661,179512,Low,10768,240,24,Legal,R01
A10242,C0196,Credit Card,305356,297781,High,21949,240,60,Pre-Legal,R03
A10243,C0197,Personal Loan,36375,253117,High,4850,240,48,Charged-Off,R03
A10244,C0198,Telecom,82999,327051,High,10355,120,60,Pre-Legal,R02
A10245,C0199,Credit Card,365753,175477,Medium,6289,30,24,Pre-Legal,R01
A10246,C0200,Credit Card,282440,82945,Low,1961,60,60,Legal,R03
A10247,C0201,Credit Card,103337,328612,High,23088,180,60,Pre-Legal,R02
A10248,C0202,Credit Card,113697,190793,Low,19413,120,36,Pre-Legal,R01
A10249,C0203,Personal Loan,146417,131585,Medium,13965,30,48,Legal,R01
A10250,C0204,Personal Loan,393377,240784,Medium,18148,120,36,Pre-Legal,R03
A10251,C0205,Telecom,148501,131361,High,22237,120,36,Pre-Legal,R02
A10252,C0206,Credit Card,347597,299833,High,8752,180,36,Pre-Legal,R02
A10253,C0207,Personal Loan,126968,327254,High,23926,60,24,Pre-Legal,R03
A10254,C0208,Credit Card,383633,195249,High,23535,180,60,Legal,R03
A10255,C0208,Personal Loan,236651,456210,Medium,17478,30,48,Legal,R01
A10256,C0209,Credit Card,335524,260720,Medium,18714,120,48,Pre-Legal,R03
A10257,C0210,Telecom,387720,363737,Medium,6692,180,48,Pre-Legal,R02
A10258,C0211,Personal Loan,373857,381204,Medium,22556,60,24,Legal,R02
A10259,C0212,Personal Loan,283894,80018,Low,12028,180,12,Legal,R03
A10260,C0213,Personal Loan,208489,393191,High,18825,60,48,Pre-Legal,R02
A10261,C0213,Credit Card,227836,147915,Medium,16559,60,12,Pre-Legal,R02
A10262,C0214,Credit Card,244839,234882,High,13242,240,12,Pre-Legal,R02
A10263,C0214,Personal Loan,366929,473253,Low,13214,30,48,Pre-Legal,R03
A10264,C0215,Telecom,470357,224304,High,21576,30,12,Pre-Legal,R03
A10265,C0216,Credit Card,112889,103952,High,20262,120,48,Legal,R01
A10266,C0217,Personal Loan,274084,144466,Medium,17148,120,36,Pre-Legal,R02
A10267,C0218,Credit Card,339753,175389,Medium,7544,30,36,Charged-Off,R03
A10268,C0219,Credit Card,370129,321172,Low,1134,240,36,Pre-Legal,R02
A10269,C0220,Credit Card,185229,388519,Medium,12806,30,12,Pre-Legal,R03
A10270,C0220,Credit Card,421461,111950,High,16726,240,12,Legal,R02
A10271,C0221,Credit Card,228502,149011,High,1531,30,36,Pre-Legal,R01
A10272,C0222,Credit Card,462602,102122,Low,10109,60,12,Pre-Legal,R01
A10273,C0222,Telecom,99993,476691,Medium,5935,30,24,Pre-Legal,R02
A10274,C0223,Credit Card,211175,263535,Medium,20371,120,36,Legal,R03
A10275,C0224,Telecom,255020,64892,High,18884,30,12,Pre-Legal,R02
A10276,C0225,Telecom,166511,405820,High,6435,120,36,Pre-Legal,R01
A10277,C0225,Personal Loan,282713,468116,Low,3322,60,12,Pre-Legal,R01
A10278,C0226,Credit Card,441973,216466,Medium,23883,120,12,Pre-Legal,R02
A10279,C0227,Credit Card,246301,448220,Low,17993,30,12,Pre-Legal,R02
A10280,C0228,Credit Card,451812,232986,Low,24498,60,48,Legal,R02
A10281,C0229,Personal Loan,477519,469055,Low,13307,180,36,Legal,R03
A10282,C0230,Credit Card,81606,296035,Medium,7994,30,24,Pre-Legal,R03
A10283,C0230,Credit Card,371324,124384,Medium,9021,120,12,Pre-Legal,R01
A10284,C0231,Credit Card,107695,145066,Medium,17509,180,60,Pre-Legal,R02
A10285,C0232,Telecom,92788,354401,Medium,4687,30,60,Legal,R02
A10286,C0233,Personal Loan,93601,44873,High,8828,120,60,Pre-Legal,R02
A10287,C0234,Credit Card,248978,39918,Medium,12429,30,24,Charged-Off,R03
A10288,C0235,Credit Card,447499,97494,Medium,14298,30,12,Pre-Legal,R02
A10289,C0236,Personal Loan,172215,106627,Medium,539,120,60,Legal,R01
A10290,C0237,Credit Card,234275,220383,Low,15364,120,12,Pre-Legal,R01
A10291,C0238,Personal Loan,255892,228408,High,23586,180,24,Legal,R02
A10292,C0239,Telecom,363625,277399,High,15987,60,36,Legal,R01
A10293,C0239,Credit Card,401784,332176,High,22476,60,60,Pre-Legal,R02
A10294,C0240,Telecom,260464,273445,Medium,22580,120,12,Legal,R03
A10295,C0241,Credit Card,32938,145842,Medium,19354,60,24,Pre-Legal,R03
A10296,C0242,Telecom,21950,269043,Medium,22195,60,48,Pre-Legal,R03
A10297,C0243,Telecom,185458,386427,Low,12526,120,36,Pre-Legal,R03
A10298,C0243,Credit Card,477141,85825,High,19312,120,60,Pre-Legal,R03
A10299,C0244,Credit Card,351301,440658,Medium,17638,240,36,Pre-Legal,R02
A10300,C0245,Personal Loan,39199,417282,High,4307,120,48,Pre-Legal,R03
A10301,C0246,Personal Loan,145607,261834,Medium,1088,60,12,Pre-Legal,R02
A10302,C0247,Credit Card,51655,58039,High,22721,30,48,Pre-Legal,R03
A10303,C0248,Credit Card,25914,229772,Low,15183,60,60,Pre-Legal,R01
A10304,C0249,Telecom,210093,89176,High,6778,180,12,Legal,R03
A10305,C0250,Telecom,252974,62800,Low,21067,240,60,Charged-Off,R03
A10306,C0250,Personal Loan,419029,337038,Medium,19176,60,36,Legal,R03
A10307,C0251,Credit Card,348721,382375,Medium,24864,240,36,Legal,R02
A10308,C0252,Personal Loan,55814,205766,Medium,576,30,48,Legal,R01
A10309,C0253,Personal Loan,87021,226321,Low,2919,180,12,Pre-Legal,R01
A10310,C0254,Credit Card,360641,123611,Medium,10164,60,48,Pre-Legal,R03
A10311,C0254,Credit Card,285161,363405,Low,18681,30,60,Pre-Legal,R01
A10312,C0255,Telecom,286890,345679,High,11802,60,60,Charged-Off,R02
A10313,C0255,Credit Card,154670,25564,Low,17457,180,60,Pre-Legal,R02
A10314,C0256,Personal Loan,493050,471195,Medium,19080,120,60,Pre-Legal,R03
A10315,C0257,Personal Loan,204750,46323,Low,22327,240,24,Legal,R01
A10316,C0257,Credit Card,363127,435586,Medium,8471,120,48,Legal,R03
A10317,C0258,Credit Card,164526,150004,Low,2929,30,24,Legal,R03
A10318,C0259,Credit Card,164854,391924,Medium,551,180,60,Legal,R03
A10319,C0260,Credit Card,148259,45916,Medium,15090,60,12,Pre-Legal,R03
A10320,C0261,Telecom,181940,303453,Medium,15455,60,48,Pre-Legal,R02
A10321,C0262,Telecom,413471,409718,Medium,10802,30,24,Legal,R01
A10322,C0262,Personal Loan,499490,294250,Low,17497,60,60,Legal,R03
A10323,C0263,Credit Card,478128,69645,Medium,22498,60,24,Legal,R02
A10324,C0263,Telecom,226040,277463,Medium,21084,120,24,Legal,R03
A10325,C0264,Credit Card,464161,70609,High,6203,240,24,Pre-Legal,R03
A10326,C0265,Credit Card,187995,306946,Medium,3111,180,60,Pre-Legal,R02
A10327,C0266,Personal Loan,128654,420737,Low,7060,120,60,Pre-Legal,R03
A10328,C0267,Telecom,307374,107554,Medium,9454,60,60,Pre-Legal,R01
A10329,C0268,Credit Card,266052,369095,Low,6893,60,36,Legal,R02
A10330,C0269,Personal Loan,34497,410032,Medium,11213,30,60,Pre-Legal,R03
A10331,C0270,Credit Card,241171,402314,Medium,13309,30,60,Pre-Legal,R03
A10332,C0271,Credit Card,60985,309153,Medium,18218,60,24,Pre-Legal,R01
A10333,C0272,Credit Card,390707,236516,High,1410,60,24,Pre-Legal,R02
A10334,C0273,Credit Card,321857,345080,Medium,19227,180,24,Pre-Legal,R02
A10335,C0274,Credit Card,235494,267615,Medium,1476,240,24,Legal,R02
A10336,C0275,Credit Card,133828,400996,High,6729,30,60,Legal,R02
A10337,C0276,Credit Card,369033,30250,High,14356,30,48,Legal,R01
A10338,C0277,Personal Loan,342433,425398,High,20159,180,36,Pre-Legal,R02
A10339,C0277,Credit Card,294444,48370,High,10483,120,48,Pre-Legal,R03
A10340,C0278,Credit Card,243274,461983,Medium,7266,120,24,Legal,R01
A10341,C0279,Credit Card,180322,214416,Low,22517,180,12,Pre-Legal,R03
A10342,C0280,Credit Card,195717,236815,High,5923,180,60,Legal,R03
A10343,C0281,Credit Card,157877,228396,High,18504,60,12,Charged-Off,R03
A10344,C0281,Credit Card,381013,292845,Medium,8170,180,24,Pre-Legal,R02
A10345,C0282,Credit Card,84361,409461,High,1037,30,60,Pre-Legal,R03
A10346,C0282,Personal Loan,278466,33740,Low,17069,180,12,Pre-Legal,R02
A10347,C0283,Credit Card,476303,339215,Low,12386,120,24,Pre-Legal,R03
A10348,C0284,Credit Card,270470,326857,Medium,8123,180,60,Pre-Legal,R02
A10349,C0285,Credit Card,434287,212190,High,16031,120,48,Pre-Legal,R03
A10350,C0286,Personal Loan,460258,64116,Medium,23097,30,24,Pre-Legal,R01
A10351,C0287,Telecom,226132,128535,Low,21675,180,24,Charged-Off,R03
A10352,C0288,Credit Card,257159,148021,High,24679,60,48,Pre-Legal,R01
A10353,C0289,Credit Card,488484,48298,Medium,4849,60,60,Pre-Legal,R01
A10354,C0290,Credit Card,27432,471791,Medium,6689,240,60,Pre-Legal,R02
A10355,C0291,Personal Loan,387353,216447,High,1057,180,60,Pre-Legal,R03
A10356,C0292,Personal Loan,292273,471610,High,13474,30,36,Pre-Legal,R03
A10357,C0293,Credit Card,153726,48758,Low,2660,240,12,Pre-Legal,R02
A10358,C0294,Credit Card,323479,89469,Low,16119,30,48,Pre-Legal,R03
A10359,C0295,Personal Loan,263942,245259,Low,24924,30,12,Pre-Legal,R03
A10360,C0295,Credit Card,215457,125205,High,22599,60,36,Legal,R01
A10361,C0296,Personal Loan,388921,112841,High,11179,180,24,Pre-Legal,R02
A10362,C0297,Personal Loan,364543,264072,High,10655,120,36,Legal,R01
A10363,C0298,Personal Loan,469622,159013,Low,20746,60,36,Pre-Legal,R03
A10364,C0299,Personal Loan,321951,405449,Medium,4635,30,12,Pre-Legal,R03
A10365,C0300,Credit Card,251853,280237,High,9894,180,60,Pre-Legal,R01
A10366,C0300,Credit Card,391030,337839,High,2840,180,24,Legal,R01
A10367,C0301,Credit Card,206869,318867,Low,24430,120,24,Charged-Off,R01
A10368,C0302,Personal Loan,337174,71815,Medium,3422,120,48,Pre-Legal,R01
A10369,C0303,Credit Card,97088,20608,Medium,23279,180,48,Pre-Legal,R01
A10370,C0304,Personal Loan,376362,391606,Low,19823,180,36,Charged-Off,R02
A10371,C0305,Personal Loan,482748,462154,Medium,23882,120,48,Charged-Off,R01
A10372,C0306,Credit Card,275033,372855,High,2114,60,12,Pre-Legal,R02
A10373,C0306,Personal Loan,141327,64648,Medium,6233,240,12,Pre-Legal,R01
A10374,C0307,Credit Card,431077,79186,Medium,19281,30,24,Pre-Legal,R03
A10375,C0307,Credit Card,338531,163051,Low,1230,60,48,Legal,R02
A10376,C0308,Credit Card,389841,81483,High,1257,120,60,Pre-Legal,R01
A10377,C0308,Credit Card,431893,229096,High,23423,60,60,Charged-Off,R02
A10378,C0309,Personal Loan,372053,61105,Medium,1549,120,24,Pre-Legal,R03
A10379,C0310,Credit Card,492694,42278,High,24915,60,36,Charged-Off,R01
A10380,C0311,Personal Loan,268399,479911,Low,20793,60,60,Charged-Off,R03
A10381,C0311,Credit Card,418810,17460,Medium,3942,60,24,Legal,R03
A10382,C0312,Telecom,214188,355822,High,12704,60,12,Pre-Legal,R01
A10383,C0313,Credit Card,260644,408659,Low,16523,60,24,Pre-Legal,R02
A10384,C0314,Personal Loan,173560,184587,Low,2419,240,48,Legal,R02
A10385,C0315,Credit Card,449865,74030,Low,15349,240,60,Legal,R01
A10386,C0315,Personal Loan,477531,277390,High,3839,120,36,Pre-Legal,R03
A10387,C0316,Personal Loan,147378,423506,High,4191,60,60,Pre-Legal,R01
A10388,C0317,Telecom,264901,412516,High,5987,120,48,Pre-Legal,R01
A10389,C0317,Personal Loan,225229,25547,Low,2959,120,24,Pre-Legal,R01
A10390,C0318,Telecom,55577,17921,High,2917,30,36,Pre-Legal,R02
A10391,C0319,Credit Card,371206,70152,Low,21533,180,48,Pre-Legal,R03
A10392,C0320,Credit Card,95992,299464,Low,9877,240,24,Charged-Off,R02
A10393,C0321,Telecom,134780,102081,High,23092,30,48,Pre-Legal,R01
A10394,C0322,Personal Loan,497412,192171,Low,10445,120,60,Pre-Legal,R01
A10395,C0323,Credit Card,200889,310863,High,14955,180,60,Pre-Legal,R01
A10396,C0324,Telecom,98563,150102,High,20239,120,36,Legal,R02
A10397,C0324,Telecom,365922,412997,Medium,19282,180,48,Pre-Legal,R02
A10398,C0325,Credit Card,110481,67802,Medium,15574,120,60,Pre-Legal,R01
A10399,C0325,Credit Card,135042,142922,Low,10339,60,36,Charged-Off,R02
A10400,C0326,Credit Card,165762,316251,Medium,21803,180,36,Charged-Off,R03
A10401,C0327,Credit Card,21832,449584,Medium,7670,180,36,Legal,R03
A10402,C0327,Credit Card,123187,300578,Medium,1166,120,24,Legal,R03
A10403,C0328,Credit Card,199693,406825,Medium,16496,120,60,Pre-Legal,R03
A10404,C0329,Personal Loan,22526,432902,Medium,7074,180,24,Pre-Legal,R03
A10405,C0330,Credit Card,202643,94062,High,13742,120,12,Pre-Legal,R03
A10406,C0330,Personal Loan,184164,104407,Medium,18829,120,60,Legal,R01
A10407,C0331,Credit Card,23420,337019,High,7985,30,24,Legal,R01
A10408,C0332,Telecom,265289,104342,Low,23424,120,24,Pre-Legal,R03
A10409,C0333,Personal Loan,69477,123261,Medium,5567,30,48,Legal,R01
A10410,C0334,Personal Loan,492164,259413,Low,13069,120,12,Pre-Legal,R01
A10411,C0334,Credit Card,329642,332952,Medium,16039,120,36,Legal,R01
A10412,C0335,Credit Card,304305,42738,High,24885,240,36,Pre-Legal,R01
A10413,C0335,Telecom,368274,86942,Low,14233,180,12,Pre-Legal,R01
A10414,C0336,Credit Card,241404,280332,Medium,7265,60,60,Legal,R01
A10415,C0337,Credit Card,54986,356466,High,18036,60,36,Pre-Legal,R02
A10416,C0337,Credit Card,310358,315889,Low,11181,120,36,Pre-Legal,R02
A10417,C0338,Personal Loan,234738,223920,Medium,6283,30,48,Pre-Legal,R03
A10418,C0339,Credit Card,310911,293491,High,4763,180,60,Legal,R03
A10419,C0339,Credit Card,47690,17994,Medium,7877,30,12,Pre-Legal,R01
A10420,C0340,Credit Card,375289,195294,High,8379,180,60,Pre-Legal,R03
A10421,C0341,Personal Loan,406910,254190,Low,6891,60,12,Legal,R02
A10422,C0342,Personal Loan,487119,474474,Medium,20558,180,12,Pre-Legal,R01
A10423,C0343,Credit Card,66996,324091,Low,10175,30,12,Pre-Legal,R01
A10424,C0344,Personal Loan,324604,168868,Medium,515,30,60,Pre-Legal,R03
A10425,C0345,Credit Card,288556,465973,Low,9007,60,48,Pre-Legal,R02
A10426,C0346,Telecom,412248,152912,Low,2915,60,60,Legal,R02
A10427,C0347,Personal Loan,322085,462166,Low,11018,240,60,Pre-Legal,R01
A10428,C0348,Credit Card,179245,417611,High,19707,120,36,Pre-Legal,R01
A10429,C0349,Credit Card,260660,314738,Medium,997,120,60,Pre-Legal,R02
A10430,C0350,Telecom,51346,96196,High,5104,180,60,Legal,R02
A10431,C0350,Credit Card,459525,22274,High,20675,60,12,Pre-Legal,R01
A10432,C0351,Personal Loan,192507,221089,Low,18070,30,12,Pre-Legal,R01
A10433,C0352,Personal Loan,287223,434054,Medium,14841,180,60,Pre-Legal,R02
A10434,C0353,Telecom,77748,63807,Medium,9285,240,48,Pre-Legal,R02
A10435,C0354,Credit Card,461920,31997,Medium,17695,120,60,Pre-Legal,R02
A10436,C0355,Personal Loan,245226,223467,Medium,5923,60,48,Pre-Legal,R03
A10437,C0356,Personal Loan,186964,409969,Medium,3775,240,24,Charged-Off,R01
A10438,C0356,Personal Loan,348761,288661,Low,5264,180,12,Pre-Legal,R01
A10439,C0357,Personal Loan,165711,85210,Low,10195,60,48,Pre-Legal,R02
A10440,C0358,Credit Card,64406,451697,Medium,12571,30,12,Charged-Off,R02
A10441,C0359,Telecom,258084,304884,Medium,18375,120,60,Legal,R02
A10442,C0360,Credit Card,136894,173987,Medium,12721,180,24,Legal,R02
A10443,C0360,Telecom,387808,84306,Medium,9588,30,24,Pre-Legal,R02
A10444,C0361,Personal Loan,121584,323509,Low,2733,240,36,Pre-Legal,R01
A10445,C0362,Credit Card,111707,331405,Medium,9099,180,24,Pre-Legal,R02
A10446,C0363,Credit Card,478988,435566,Medium,23688,60,36,Pre-Legal,R01
A10447,C0364,Personal Loan,277653,364473,Medium,23964,180,24,Pre-Legal,R02
A10448,C0365,Telecom,82508,250863,Medium,20330,30,12,Legal,R01
A10449,C0366,Telecom,110744,216495,Low,9992,60,36,Pre-Legal,R01
A10450,C0367,Personal Loan,491826,95781,Medium,16183,60,36,Legal,R02
A10451,C0368,Personal Loan,226422,203873,Low,20214,240,24,Pre-Legal,R02
A10452,C0369,Credit Card,354119,45921,Low,18101,120,36,Pre-Legal,R03
A10453,C0369,Credit Card,429508,439726,Medium,10815,60,24,Legal,R02
A10454,C0370,Telecom,440134,333457,High,13884,60,36,Pre-Legal,R02
A10455,C0371,Credit Card,48715,259826,Medium,23632,120,60,Legal,R03
A10456,C0372,Credit Card,70551,149273,High,11153,120,48,Pre-Legal,R03
A10457,C0373,Credit Card,70061,203691,Low,5622,120,24,Pre-Legal,R03
A10458,C0374,Telecom,235280,122042,Medium,18304,60,60,Pre-Legal,R03
A10459,C0375,Personal Loan,45322,394648,High,7060,30,48,Legal,R03
A10460,C0376,Personal Loan,99311,309957,High,16097,60,60,Pre-Legal,R02
A10461,C0376,Telecom,298245,23831,Low,5504,120,60,Legal,R03
A10462,C0377,Personal Loan,318509,339332,Medium,17656,60,60,Charged-Off,R01
A10463,C0378,Credit Card,231811,328099,Low,17631,60,60,Legal,R02
A10464,C0379,Personal Loan,81768,58262,Medium,13554,30,48,Pre-Legal,R03
A10465,C0380,Credit Card,435017,183767,High,5106,120,12,Charged-Off,R01
A10466,C0381,Credit Card,172185,166083,Medium,10585,60,24,Pre-Legal,R01
A10467,C0382,Personal Loan,422632,448210,Low,24604,180,36,Pre-Legal,R03
A10468,C0383,Personal Loan,467398,31738,Medium,19556,60,12,Pre-Legal,R03
A10469,C0384,Personal Loan,258989,196350,Low,9924,240,12,Legal,R01
A10470,C0385,Credit Card,248456,423995,Medium,7611,120,12,Pre-Legal,R01
A10471,C0386,Credit Card,277288,140093,High,1519,120,36,Charged-Off,R02
A10472,C0387,Telecom,385169,145509,Medium,3773,60,24,Pre-Legal,R02
A10473,C0387,Personal Loan,314819,37007,High,14547,180,24,Legal,R03
A10474,C0388,Personal Loan,148771,140801,Medium,21587,180,60,Legal,R03
A10475,C0389,Personal Loan,193497,24387,Medium,12515,30,48,Pre-Legal,R02
A10476,C0390,Credit Card,33580,33240,High,10716,180,36,Legal,R02
A10477,C0390,Credit Card,184340,280790,Low,10548,180,12,Pre-Legal,R03
A10478,C0391,Credit Card,231912,435505,Low,9786,180,60,Pre-Legal,R03
A10479,C0392,Credit Card,172420,180368,Medium,13788,120,24,Legal,R01
A10480,C0393,Credit Card,363782,149476,Low,606,60,24,Legal,R02
A10481,C0394,Personal Loan,287724,392046,Low,21173,120,24,Pre-Legal,R02
A10482,C0395,Credit Card,241775,320292,High,24986,30,60,Pre-Legal,R02
A10483,C0395,Telecom,483313,107943,High,17616,120,48,Legal,R01
A10484,C0396,Credit Card,478034,164748,High,12819,60,24,Charged-Off,R02
A10485,C0397,Credit Card,486192,271463,Low,11718,120,24,Charged-Off,R02
A10486,C0398,Credit Card,402990,433161,Medium,10696,30,12,Legal,R02
A10487,C0398,Credit Card,362543,325939,Medium,17908,180,48,Legal,R01
A10488,C0399,Telecom,143323,201110,Medium,8397,120,60,Pre-Legal,R01
A10489,C0399,Personal Loan,298411,295412,Low,5899,120,48,Pre-Legal,R01
A10490,C0400,Telecom,316753,379929,Medium,24145,120,24,Pre-Legal,R03
A10491,C0401,Personal Loan,171460,402368,Low,21472,180,36,Pre-Legal,R02
A10492,C0402,Credit Card,253076,237700,Medium,23989,180,60,Pre-Legal,R02
A10493,C0403,Telecom,70406,411904,Medium,16775,120,24,Legal,R03
A10494,C0403,Personal Loan,411698,117339,Medium,10138,60,12,Legal,R03
A10495,C0404,Credit Card,418591,104023,High,21100,120,12,Pre-Legal,R01
A10496,C0405,Telecom,337453,220719,High,11564,60,48,Pre-Legal,R02
A10497,C0405,Personal Loan,131186,446262,Medium,17497,120,48,Pre-Legal,R01
A10498,C0406,Personal Loan,345063,124869,Medium,22270,120,60,Pre-Legal,R02
A10499,C0406,Personal Loan,410106,348447,High,4015,30,24,Pre-Legal,R01
A10500,C0407,Personal Loan,48670,475767,Low,3300,240,24,Legal,R01
A10501,C0408,Credit Card,176228,70904,High,16608,30,60,Charged-Off,R01
A10502,C0408,Credit Card,143225,250847,Medium,13089,60,36,Pre-Legal,R03
A10503,C0409,Telecom,26611,365386,High,18648,120,48,Pre-Legal,R01
A10504,C0409,Credit Card,162645,167481,High,20344,60,48,Pre-Legal,R02
A10505,C0410,Credit Card,111788,259437,High,17927,120,36,Charged-Off,R02
A10506,C0411,Credit Card,169333,435594,Low,21719,120,36,Pre-Legal,R02
A10507,C0412,Personal Loan,168430,338854,High,16553,120,12,Pre-Legal,R03
A10508,C0413,Personal Loan,494150,186955,Medium,18876,240,48,Pre-Legal,R02
A10509,C0414,Credit Card,468995,230888,Medium,11274,120,60,Pre-Legal,R02
A10510,C0415,Credit Card,414163,408238,Medium,16661,30,12,Pre-Legal,R02
A10511,C0416,Personal Loan,40557,36825,Low,13829,180,36,Pre-Legal,R03
A10512,C0417,Personal Loan,413173,124367,Low,19682,180,24,Legal,R02
A10513,C0417,Personal Loan,488799,415966,Low,9899,120,48,Pre-Legal,R01
A10514,C0418,Personal Loan,124887,76086,Medium,17869,60,60,Pre-Legal,R01
A10515,C0419,Telecom,47313,57103,High,23735,120,60,Pre-Legal,R01
A10516,C0420,Credit Card,469058,155688,Low,16470,120,24,Pre-Legal,R02
A10517,C0421,Credit Card,298606,356376,Medium,1531,120,24,Pre-Legal,R01
A10518,C0421,Personal Loan,489189,358133,Low,2050,180,24,Pre-Legal,R02
A10519,C0422,Personal Loan,199238,54369,Medium,13161,120,48,Pre-Legal,R03
A10520,C0423,Credit Card,33672,143145,Low,564,30,48,Pre-Legal,R03
A10521,C0423,Personal Loan,402452,359660,Medium,20490,60,36,Pre-Legal,R03
A10522,C0424,Credit Card,469704,17631,High,23258,180,60,Legal,R03
A10523,C0425,Personal Loan,133926,336345,High,16945,180,60,Pre-Legal,R01
A10524,C0425,Personal Loan,337006,43004,High,4425,120,24,Legal,R03
A10525,C0426,Credit Card,95955,461164,Medium,10914,120,48,Pre-Legal,R03
A10526,C0427,Credit Card,344888,170418,Medium,23645,60,48,Pre-Legal,R03
A10527,C0428,Telecom,191475,278369,High,15872,180,24,Legal,R01
A10528,C0429,Personal Loan,330625,174547,Medium,11498,120,36,Pre-Legal,R01
A10529,C0429,Personal Loan,260454,338599,Medium,22324,240,48,Pre-Legal,R03
A10530,C0430,Credit Card,413611,198741,High,18894,60,60,Legal,R01
A10531,C0430,Telecom,71993,185458,Medium,24797,120,48,Pre-Legal,R02
A10532,C0431,Telecom,331251,440368,Low,1851,60,48,Legal,R02
A10533,C0432,Personal Loan,289578,307172,Medium,2537,120,36,Legal,R01
A10534,C0433,Credit Card,214310,361382,High,9483,60,24,Pre-Legal,R02
A10535,C0434,Credit Card,327550,253078,Medium,14719,60,12,Charged-Off,R01
A10536,C0435,Telecom,469303,418169,Medium,23060,30,60,Pre-Legal,R02
A10537,C0436,Personal Loan,23515,19454,Low,8884,60,48,Legal,R02
A10538,C0437,Credit Card,116129,429546,Low,24930,240,48,Pre-Legal,R02
A10539,C0438,Personal Loan,53064,418037,Medium,5783,240,24,Legal,R02
A10540,C0439,Personal Loan,233057,367323,Low,14190,180,12,Pre-Legal,R03
A10541,C0439,Personal Loan,233877,125373,Low,5370,180,36,Charged-Off,R01
A10542,C0440,Credit Card,282584,469171,Medium,5913,180,60,Pre-Legal,R01
A10543,C0441,Credit Card,351650,353730,Medium,1025,30,48,Legal,R02
A10544,C0442,Personal Loan,309647,431981,High,14344,30,60,Charged-Off,R03
A10545,C0442,Telecom,281320,86540,Medium,12255,30,24,Pre-Legal,R01
A10546,C0443,Personal Loan,245783,170360,High,15532,30,36,Legal,R03
A10547,C0444,Credit Card,77941,446146,Medium,23330,180,48,Charged-Off,R01
A10548,C0445,Telecom,492099,46276,Medium,16013,30,48,Pre-Legal,R03
A10549,C0446,Personal Loan,66281,471029,Low,24817,180,48,Legal,R03
A10550,C0447,Telecom,193795,197394,Low,19905,120,24,Legal,R03
A10551,C0448,Personal Loan,310726,82471,High,9774,180,24,Pre-Legal,R02
A10552,C0449,Credit Card,363671,406597,Medium,22149,120,36,Legal,R01
A10553,C0450,Credit Card,455693,356324,Low,12377,30,12,Pre-Legal,R01
A10554,C0451,Telecom,350918,320319,Low,6058,240,12,Pre-Legal,R03
A10555,C0452,Personal Loan,485070,441285,High,8006,60,36,Charged-Off,R02
A10556,C0453,Personal Loan,406547,396688,Low,934,60,36,Pre-Legal,R01
A10557,C0454,Credit Card,452809,447331,Medium,3213,30,36,Pre-Legal,R01
A10558,C0454,Personal Loan,433146,194022,Medium,20565,120,36,Legal,R03
A10559,C0455,Personal Loan,172635,349152,Medium,12508,180,60,Legal,R03
A10560,C0456,Personal Loan,334942,478694,Medium,2100,60,12,Pre-Legal,R01
A10561,C0457,Personal Loan,320677,277170,High,22206,30,24,Legal,R02
A10562,C0458,Telecom,111860,173757,High,22297,180,24,Pre-Legal,R02
A10563,C0459,Credit Card,486418,444201,Medium,5785,180,48,Pre-Legal,R01
A10564,C0460,Credit Card,319966,384556,High,2281,60,48,Pre-Legal,R03
A10565,C0460,Personal Loan,488390,245755,Medium,10766,180,12,Pre-Legal,R02
A10566,C0461,Telecom,318169,136246,Low,11168,240,48,Legal,R03
A10567,C0462,Credit Card,366655,24665,Medium,20206,60,48,Charged-Off,R02
A10568,C0463,Personal Loan,307979,241351,Low,21522,60,12,Pre-Legal,R01
A10569,C0464,Credit Card,443796,106685,Low,7650,30,48,Legal,R03
A10570,C0465,Personal Loan,240172,40301,Medium,12519,120,24,Pre-Legal,R01
A10571,C0466,Telecom,413920,20452,Medium,4181,60,60,Legal,R03
A10572,C0467,Credit Card,117898,465651,Medium,15207,30,12,Pre-Legal,R02
A10573,C0468,Personal Loan,303855,423275,High,2029,60,48,Pre-Legal,R02
A10574,C0469,Credit Card,219695,119132,Medium,19175,240,12,Charged-Off,R03
A10575,C0470,Credit Card,416608,470473,High,4283,60,24,Pre-Legal,R02
A10576,C0470,Personal Loan,336235,122154,Medium,15672,60,36,Pre-Legal,R01
A10577,C0471,Credit Card,491731,153939,Medium,4829,60,60,Pre-Legal,R02
A10578,C0472,Personal Loan,121069,263577,High,14350,30,24,Pre-Legal,R01
A10579,C0473,Personal Loan,275560,258738,High,13892,30,36,Legal,R03
A10580,C0474,Personal Loan,145223,90205,Medium,1582,60,12,Pre-Legal,R02
A10581,C0475,Credit Card,201676,459049,Medium,15663,180,24,Pre-Legal,R03
A10582,C0476,Telecom,127252,187855,High,3279,180,12,Pre-Legal,R02
A10583,C0477,Credit Card,295261,251591,Medium,16518,120,24,Legal,R02
A10584,C0478,Credit Card,112529,256496,High,18497,60,12,Pre-Legal,R03
A10585,C0479,Telecom,440601,57176,Low,3645,60,24,Pre-Legal,R03
A10586,C0480,Credit Card,404963,427230,Medium,8056,120,36,Legal,R01
A10587,C0481,Personal Loan,367786,406731,Low,2560,30,48,Pre-Legal,R01
A10588,C0482,Credit Card,453595,322558,Low,9864,30,24,Legal,R02
A10589,C0483,Credit Card,156080,232885,Low,6512,180,60,Pre-Legal,R02
A10590,C0484,Credit Card,356999,31575,Low,18287,120,12,Pre-Legal,R02
A10591,C0485,Personal Loan,234776,41863,Medium,17688,30,36,Pre-Legal,R02
A10592,C0486,Telecom,386099,424420,Medium,2593,240,60,Charged-Off,R03
A10593,C0487,Personal Loan,127001,102725,Low,9736,180,60,Legal,R01
A10594,C0488,Personal Loan,171168,158092,Low,11885,60,48,Legal,R01
A10595,C0489,Credit Card,240319,120711,High,3042,240,24,Pre-Legal,R03
A10596,C0490,Personal Loan,456417,451531,Medium,11245,60,36,Legal,R02
A10597,C0491,Personal Loan,94974,361228,Low,19719,120,48,Pre-Legal,R02
A10598,C0491,Telecom,109241,38397,Medium,24220,240,12,Pre-Legal,R03
A10599,C0492,Credit Card,497698,260620,Medium,13315,240,60,Legal,R02
A10600,C0493,Personal Loan,332946,139125,Low,22778,120,24,Charged-Off,R02
A10601,C0494,Personal Loan,140333,31772,Low,3832,60,36,Pre-Legal,R02
A10602,C0495,Telecom,151007,16301,High,24580,30,12,Pre-Legal,R03
A10603,C0496,Credit Card,389068,47735,Medium,2605,180,12,Charged-Off,R02
A10604,C0496,Telecom,161140,273946,Medium,1567,60,48,Pre-Legal,R02
A10605,C0497,Credit Card,470511,48939,Medium,671,180,48,Pre-Legal,R01
A10606,C0498,Telecom,446141,460085,High,11595,120,12,Pre-Legal,R02
A10607,C0499,Credit Card,140120,305706,Medium,7453,180,48,Pre-Legal,R01
A10608,C0500,Personal Loan,468628,27644,Low,11178,30,48,Pre-Legal,R03
A10609,C0501,Personal Loan,416523,294889,Low,2287,120,24,Pre-Legal,R02
A10610,C0502,Personal Loan,102579,152392,Low,9821,180,36,Legal,R01
A10611,C0503,Credit Card,137159,302871,Medium,11258,30,48,Legal,R01
A10612,C0504,Personal Loan,48106,238830,Medium,5284,240,36,Pre-Legal,R03
A10613,C0505,Telecom,431166,74739,Low,14035,60,48,Pre-Legal,R03
A10614,C0505,Telecom,45530,256348,High,24929,180,24,Pre-Legal,R03
A10615,C0506,Telecom,66666,434389,Medium,13485,240,48,Pre-Legal,R03
A10616,C0507,Credit Card,305648,125551,High,24173,60,36,Legal,R02
A10617,C0508,Personal Loan,136360,378284,High,4144,60,48,Pre-Legal,R02
A10618,C0509,Personal Loan,62756,216330,Medium,17666,120,12,Legal,R03
A10619,C0509,Personal Loan,118980,431850,High,4590,120,48,Pre-Legal,R03
A10620,C0510,Credit Card,225134,366753,Medium,17462,120,24,Pre-Legal,R02
A10621,C0511,Telecom,51566,440737,High,14065,120,24,Pre-Legal,R03
A10622,C0512,Credit Card,73619,118536,Medium,23080,120,12,Pre-Legal,R01
A10623,C0513,Credit Card,406622,147672,Low,4192,60,48,Legal,R02
A10624,C0513,Personal Loan,493599,29507,High,6606,240,24,Legal,R03
A10625,C0514,Telecom,373062,81600,Medium,7320,60,12,Pre-Legal,R01
A10626,C0515,Telecom,291855,205334,Medium,10097,120,60,Pre-Legal,R01
A10627,C0516,Credit Card,206085,387860,High,7000,120,24,Pre-Legal,R01
A10628,C0516,Credit Card,482273,145672,Low,24479,60,24,Pre-Legal,R03
A10629,C0517,Credit Card,186664,71006,Low,17870,30,36,Pre-Legal,R02
A10630,C0518,Credit Card,158997,280251,Medium,20214,120,48,Legal,R01
A10631,C0519,Personal Loan,432924,61221,Medium,8118,120,48,Pre-Legal,R01
A10632,C0519,Personal Loan,344158,296667,Low,20935,30,12,Charged-Off,R03
A10633,C0520,Personal Loan,466850,289843,Low,1876,120,36,Pre-Legal,R03
A10634,C0521,Personal Loan,98860,167215,High,18771,240,60,Pre-Legal,R01
A10635,C0522,Credit Card,332379,367690,Low,15217,120,12,Pre-Legal,R02
A10636,C0523,Credit Card,191297,287951,High,5021,120,48,Pre-Legal,R02
A10637,C0524,Personal Loan,73257,401134,High,16010,30,60,Legal,R01
A10638,C0524,Personal Loan,365259,307338,High,19322,180,48,Legal,R03
A10639,C0525,Telecom,128750,89180,High,1253,120,12,Pre-Legal,R03
A10640,C0526,Telecom,391551,450401,Medium,10369,30,60,Pre-Legal,R03
A10641,C0527,Telecom,495479,401230,High,3581,120,24,Pre-Legal,R03
A10642,C0528,Credit Card,91880,121734,Medium,1938,240,60,Pre-Legal,R02
A10643,C0529,Telecom,389006,263751,Medium,16969,120,24,Legal,R03
A10644,C0530,Personal Loan,261024,331379,Low,10455,180,60,Pre-Legal,R03
A10645,C0531,Personal Loan,117540,68533,High,17313,30,36,Pre-Legal,R01
A10646,C0532,Credit Card,317908,247843,High,23701,60,60,Pre-Legal,R01
A10647,C0533,Credit Card,290717,30582,Low,14000,60,24,Pre-Legal,R03
A10648,C0534,Personal Loan,118706,415156,Medium,8595,180,12,Legal,R01
A10649,C0535,Credit Card,381198,433660,Medium,24318,120,36,Pre-Legal,R02
A10650,C0536,Credit Card,394994,145011,Low,17136,60,60,Pre-Legal,R02
A10651,C0536,Credit Card,447685,285640,High,10972,180,60,Pre-Legal,R03
A10652,C0537,Credit Card,63634,132255,Medium,5087,60,48,Legal,R03
A10653,C0537,Credit Card,259204,292941,High,538,30,24,Legal,R03
A10654,C0538,Credit Card,465484,173070,Low,14806,180,24,Pre-Legal,R03
A10655,C0539,Telecom,299228,366591,Low,2093,240,24,Pre-Legal,R02
A10656,C0540,Telecom,284052,438574,Low,18674,120,12,Pre-Legal,R02
A10657,C0541,Credit Card,187967,347643,Medium,12261,120,48,Pre-Legal,R01
A10658,C0542,Personal Loan,256692,373998,Low,14546,60,24,Pre-Legal,R01
A10659,C0543,Personal Loan,38318,159318,Medium,22084,180,12,Pre-Legal,R01
A10660,C0543,Personal Loan,254856,383225,Medium,1450,30,12,Legal,R02
A10661,C0544,Credit Card,59023,399412,High,22148,120,24,Pre-Legal,R03
A10662,C0544,Personal Loan,372186,360242,High,13565,30,48,Legal,R03
A10663,C0545,Telecom,25149,319136,Low,14121,180,24,Pre-Legal,R03
A10664,C0545,Personal Loan,327655,330387,Low,17810,240,24,Legal,R02
A10665,C0546,Credit Card,151458,341478,High,4633,60,12,Pre-Legal,R02
A10666,C0547,Personal Loan,325033,29633,Medium,19663,240,12,Pre-Legal,R03
A10667,C0548,Credit Card,59979,186713,Medium,6916,60,36,Legal,R01
A10668,C0549,Credit Card,138243,413077,High,15346,60,60,Pre-Legal,R03
A10669,C0550,Credit Card,430646,443787,Low,14966,60,60,Pre-Legal,R01
A10670,C0550,Telecom,69607,417961,High,18830,180,60,Legal,R03
A10671,C0551,Personal Loan,371187,316065,Low,16089,30,12,Legal,R01
A10672,C0552,Telecom,429962,305658,High,20296,60,60,Pre-Legal,R02
A10673,C0553,Personal Loan,133436,253198,Medium,24752,120,48,Pre-Legal,R02
A10674,C0554,Personal Loan,233718,218729,High,8500,120,24,Pre-Legal,R02
A10675,C0555,Credit Card,391698,145436,Low,2102,120,36,Legal,R01
A10676,C0555,Personal Loan,201326,356468,High,10771,60,12,Pre-Legal,R02
A10677,C0556,Credit Card,110381,367171,High,5330,30,48,Pre-Legal,R01
A10678,C0557,Telecom,487060,437870,Low,18429,60,36,Pre-Legal,R03
A10679,C0558,Telecom,67419,379236,Low,23904,240,48,Pre-Legal,R01
A10680,C0559,Credit Card,128269,350988,Medium,1874,180,24,Pre-Legal,R02
A10681,C0560,Telecom,82969,51660,Medium,14508,60,36,Pre-Legal,R02
A10682,C0561,Credit Card,466029,305111,Medium,21476,180,48,Pre-Legal,R03
A10683,C0562,Telecom,309965,372941,Low,17884,120,36,Pre-Legal,R02
A10684,C0563,Credit Card,216339,173829,Medium,1498,180,60,Legal,R01
A10685,C0563,Credit Card,463862,256452,Medium,10533,120,24,Pre-Legal,R03
A10686,C0564,Personal Loan,138576,394563,Low,3129,240,24,Pre-Legal,R03
A10687,C0564,Telecom,38179,303363,Medium,16327,180,24,Pre-Legal,R03
A10688,C0565,Personal Loan,285856,371211,Medium,12995,30,48,Pre-Legal,R01
A10689,C0565,Personal Loan,99030,78910,High,23271,120,12,Pre-Legal,R02
A10690,C0566,Personal Loan,350350,352044,Medium,18566,30,48,Pre-Legal,R02
A10691,C0567,Personal Loan,56622,313030,High,24109,120,12,Pre-Legal,R03
A10692,C0568,Telecom,483609,293456,High,18983,60,36,Pre-Legal,R02
A10693,C0569,Credit Card,137922,270217,Medium,3623,60,60,Legal,R01
A10694,C0570,Credit Card,230190,58888,High,5299,180,24,Pre-Legal,R02
A10695,C0570,Credit Card,449750,308812,Medium,7515,60,36,Legal,R01
A10696,C0571,Personal Loan,58130,478445,Low,15633,60,48,Pre-Legal,R01
A10697,C0571,Personal Loan,216511,452090,Low,7066,60,24,Legal,R03
A10698,C0572,Credit Card,51139,208175,Low,8602,120,24,Legal,R01
A10699,C0573,Credit Card,364199,475777,Low,5867,180,12,Pre-Legal,R01
A10700,C0574,Personal Loan,64588,216657,Medium,21011,180,36,Legal,R02
A10701,C0575,Credit Card,100291,81008,Low,14190,60,36,Pre-Legal,R03
A10702,C0576,Personal Loan,213073,207796,High,5885,120,12,Pre-Legal,R03
A10703,C0576,Telecom,31002,444369,High,2927,60,36,Legal,R01
A10704,C0577,Credit Card,173520,300672,High,684,240,24,Pre-Legal,R02
A10705,C0578,Personal Loan,209281,131775,Low,13749,180,12,Legal,R01
A10706,C0579,Personal Loan,364441,402243,High,13914,60,24,Pre-Legal,R01
A10707,C0579,Personal Loan,149817,95520,Low,11282,30,36,Charged-Off,R01
A10708,C0580,Personal Loan,242869,321505,Medium,6018,60,60,Charged-Off,R02
A10709,C0581,Credit Card,167745,300539,Low,24207,120,36,Pre-Legal,R01
A10710,C0582,Credit Card,279188,260340,High,12557,180,48,Pre-Legal,R02
A10711,C0583,Telecom,120020,122508,High,17501,60,36,Legal,R03
A10712,C0584,Personal Loan,65076,325546,High,15301,180,12,Legal,R02
A10713,C0585,Personal Loan,472400,397784,Medium,2471,180,12,Pre-Legal,R03
A10714,C0586,Credit Card,163775,64456,Medium,5408,60,60,Pre-Legal,R03
A10715,C0587,Telecom,45909,59158,Low,22069,120,60,Pre-Legal,R03
A10716,C0587,Personal Loan,168530,102367,Medium,9283,120,24,Pre-Legal,R03
A10717,C0588,Personal Loan,160111,29990,High,14278,240,24,Pre-Legal,R01
A10718,C0588,Telecom,371595,132782,Low,5500,240,48,Legal,R01
A10719,C0589,Telecom,359899,345927,Medium,6972,180,12,Legal,R03
A10720,C0589,Credit Card,166626,22008,High,16738,30,24,Pre-Legal,R01
A10721,C0590,Credit Card,239606,463173,High,4855,120,60,Legal,R01
A10722,C0591,Personal Loan,159333,150546,Medium,17138,60,48,Pre-Legal,R02
A10723,C0592,Credit Card,153107,115271,Medium,20067,60,36,Pre-Legal,R03
A10724,C0593,Telecom,59726,221823,High,24730,30,24,Pre-Legal,R02
A10725,C0594,Personal Loan,402617,298142,Medium,6689,30,12,Pre-Legal,R02
A10726,C0594,Personal Loan,87173,226278,Medium,5170,30,48,Pre-Legal,R02
A10727,C0595,Telecom,432126,71959,High,16147,240,48,Pre-Legal,R01
A10728,C0596,Personal Loan,302570,456413,Low,756,30,60,Pre-Legal,R03
A10729,C0597,Credit Card,376961,335404,Medium,13443,60,60,Pre-Legal,R01
A10730,C0598,Credit Card,417152,179238,Low,3495,120,48,Pre-Legal,R03
A10731,C0599,Telecom,347840,292792,High,4404,120,24,Pre-Legal,R03
A10732,C0600,Credit Card,212136,232872,Low,8320,30,48,Pre-Legal,R03
A10733,C0601,Credit Card,101673,66940,Medium,2269,180,36,Charged-Off,R02
A10734,C0602,Credit Card,413005,201571,High,6718,60,24,Pre-Legal,R03
A10735,C0603,Telecom,266027,394606,High,5465,60,12,Pre-Legal,R02
A10736,C0603,Credit Card,201161,21654,Low,7842,120,24,Legal,R01
A10737,C0604,Personal Loan,298796,128114,Low,5975,120,60,Pre-Legal,R02
A10738,C0604,Telecom,44395,148407,Low,15472,180,48,Pre-Legal,R01
A10739,C0605,Credit Card,378315,135423,High,12229,120,36,Pre-Legal,R03
A10740,C0606,Telecom,105237,282913,High,14163,60,48,Charged-Off,R01
A10741,C0606,Credit Card,41536,223963,High,18120,120,48,Pre-Legal,R01
A10742,C0607,Credit Card,388065,337142,Medium,20599,180,12,Legal,R02
A10743,C0608,Personal Loan,51828,83040,Medium,6506,30,48,Pre-Legal,R02
A10744,C0609,Personal Loan,239589,211354,Low,10746,30,60,Legal,R03
A10745,C0610,Credit Card,420623,48542,Low,16811,240,24,Charged-Off,R01
A10746,C0610,Personal Loan,39283,343614,Medium,14516,180,36,Pre-Legal,R01
A10747,C0611,Telecom,461924,320758,High,13982,240,24,Legal,R01
A10748,C0612,Credit Card,379830,190210,High,15989,30,24,Legal,R01
A10749,C0613,Credit Card,114978,321701,High,13267,60,36,Pre-Legal,R01
A10750,C0613,Credit Card,251296,355907,Medium,6798,30,36,Pre-Legal,R03
A10751,C0614,Credit Card,74918,421817,Medium,1438,120,36,Legal,R03
A10752,C0614,Credit Card,394255,318874,High,6450,60,24,Pre-Legal,R02
A10753,C0615,Personal Loan,485718,122437,High,23380,60,36,Pre-Legal,R02
A10754,C0615,Credit Card,341954,390233,Low,22118,240,24,Legal,R03
A10755,C0616,Telecom,215552,326173,Medium,4466,60,36,Pre-Legal,R03
A10756,C0616,Telecom,128119,377301,Medium,22332,120,24,Pre-Legal,R01
A10757,C0617,Credit Card,279554,427156,Low,5780,120,24,Pre-Legal,R01
A10758,C0618,Credit Card,435732,418689,High,6469,180,60,Pre-Legal,R02
A10759,C0619,Credit Card,414079,31148,Low,18309,240,24,Pre-Legal,R02
A10760,C0619,Personal Loan,378528,183276,High,3539,30,48,Pre-Legal,R03
A10761,C0620,Credit Card,377705,69391,High,3453,180,36,Legal,R03
A10762,C0620,Personal Loan,404224,288298,Medium,23493,240,36,Charged-Off,R01
A10763,C0621,Personal Loan,246325,316635,Medium,18132,30,36,Pre-Legal,R02
A10764,C0622,Personal Loan,243112,226588,Medium,16511,120,60,Pre-Legal,R03
A10765,C0622,Personal Loan,305433,48087,Low,4100,180,12,Pre-Legal,R03
A10766,C0623,Personal Loan,315194,112799,Low,14530,120,24,Legal,R02
A10767,C0624,Personal Loan,283437,430659,High,19095,120,60,Pre-Legal,R02
A10768,C0625,Credit Card,117847,118742,Low,11356,120,60,Pre-Legal,R02
A10769,C0626,Personal Loan,303527,257046,Low,10225,120,60,Pre-Legal,R01
A10770,C0627,Telecom,478070,143544,High,22940,60,12,Pre-Legal,R01
A10771,C0627,Credit Card,312428,166243,High,23987,180,60,Pre-Legal,R02
A10772,C0628,Personal Loan,396556,368884,Medium,21736,30,60,Charged-Off,R03
A10773,C0628,Credit Card,237715,62728,Medium,9645,240,36,Legal,R02
A10774,C0629,Personal Loan,475342,86641,Low,3249,30,24,Pre-Legal,R03
A10775,C0630,Personal Loan,312155,348296,Low,23985,60,60,Charged-Off,R01
A10776,C0631,Personal Loan,483675,185307,High,23321,120,24,Charged-Off,R02
A10777,C0632,Credit Card,332655,95664,Low,5746,120,12,Pre-Legal,R01
A10778,C0632,Credit Card,111070,73168,Medium,5428,180,60,Pre-Legal,R01
A10779,C0633,Credit Card,341901,283803,Medium,21407,240,12,Pre-Legal,R02
A10780,C0634,Personal Loan,306812,354403,Low,7677,60,24,Legal,R02
A10781,C0635,Credit Card,342452,215798,High,1630,30,12,Legal,R01
A10782,C0635,Personal Loan,39158,308231,Medium,20374,60,48,Pre-Legal,R02
A10783,C0636,Credit Card,195725,359162,High,21181,60,60,Legal,R02
A10784,C0636,Credit Card,231470,449448,Medium,20838,30,60,Charged-Off,R02
A10785,C0637,Personal Loan,65950,201795,Low,22087,60,48,Legal,R02
A10786,C0638,Personal Loan,120245,112069,Medium,24408,120,60,Pre-Legal,R01
A10787,C0639,Telecom,306801,282800,High,16264,30,48,Pre-Legal,R03
A10788,C0640,Telecom,232916,479604,Medium,4770,180,48,Pre-Legal,R03
A10789,C0641,Credit Card,48390,154489,High,11372,60,36,Charged-Off,R03
A10790,C0642,Telecom,169151,425554,High,15004,30,24,Legal,R01
A10791,C0643,Personal Loan,330113,63838,Medium,1525,180,24,Pre-Legal,R02
A10792,C0644,Credit Card,235547,258603,Low,2235,120,24,Legal,R01
A10793,C0644,Credit Card,491358,309887,High,10608,240,48,Pre-Legal,R01
A10794,C0645,Credit Card,397250,174429,Medium,18755,30,24,Pre-Legal,R03
A10795,C0645,Personal Loan,237815,326095,Low,13940,180,48,Charged-Off,R01
A10796,C0646,Telecom,46520,260195,Low,5811,60,12,Pre-Legal,R02
A10797,C0647,Personal Loan,468034,243470,Medium,8677,240,48,Pre-Legal,R02
A10798,C0648,Telecom,489171,103075,Medium,13335,60,48,Pre-Legal,R03
A10799,C0649,Telecom,175232,404168,Medium,17584,240,60,Charged-Off,R01
A10800,C0650,Personal Loan,293417,135484,Medium,8394,60,36,Legal,R03
A10801,C0651,Telecom,134441,477552,Low,10467,60,48,Pre-Legal,R02
A10802,C0652,Credit Card,485867,144401,Medium,13568,60,12,Pre-Legal,R01
A10803,C0653,Credit Card,317399,208201,Medium,13847,180,48,Legal,R03
A10804,C0653,Credit Card,73629,130296,Medium,9957,180,60,Pre-Legal,R01
A10805,C0654,Personal Loan,398274,180493,Medium,17165,60,36,Pre-Legal,R03
A10806,C0654,Personal Loan,181466,160468,Low,17669,120,48,Pre-Legal,R03
A10807,C0655,Credit Card,260014,207206,High,1033,60,24,Pre-Legal,R03
A10808,C0656,Credit Card,227586,198321,Low,9912,60,48,Legal,R02
A10809,C0657,Credit Card,476497,264240,Medium,22568,180,48,Legal,R02
A10810,C0658,Credit Card,391969,130637,High,1873,120,60,Pre-Legal,R02
A10811,C0659,Credit Card,289981,222780,Low,23208,60,36,Pre-Legal,R01
A10812,C0659,Credit Card,444020,80206,Medium,20905,60,36,Legal,R03
A10813,C0660,Telecom,403094,465909,Medium,21521,30,48,Charged-Off,R01
A10814,C0660,Credit Card,239343,91620,Medium,17568,120,60,Pre-Legal,R01
A10815,C0661,Credit Card,207381,211475,Low,21329,60,60,Legal,R01
A10816,C0662,Credit Card,182550,434655,Medium,18802,120,24,Pre-Legal,R03
A10817,C0663,Personal Loan,78906,353781,High,9241,60,60,Legal,R03
A10818,C0664,Personal Loan,268505,26957,Low,15490,30,12,Pre-Legal,R03
A10819,C0665,Credit Card,270186,221604,Medium,21254,30,36,Legal,R01
A10820,C0666,Telecom,174805,272282,Low,4475,120,36,Charged-Off,R03
A10821,C0667,Personal Loan,48830,387220,Low,17901,120,48,Legal,R03
A10822,C0668,Personal Loan,412963,17056,Medium,12676,180,48,Pre-Legal,R03
A10823,C0669,Credit Card,109432,305299,High,18320,120,12,Pre-Legal,R03
A10824,C0670,Personal Loan,285205,121393,Medium,6827,60,24,Pre-Legal,R03
A10825,C0670,Credit Card,227940,183904,Low,1222,120,36,Pre-Legal,R03
A10826,C0671,Credit Card,483070,202160,High,7898,180,12,Pre-Legal,R02
A10827,C0672,Credit Card,174125,271624,Low,18184,30,24,Pre-Legal,R02
A10828,C0673,Credit Card,300567,391756,Medium,4434,180,48,Legal,R01
A10829,C0674,Credit Card,461889,100997,High,8304,120,60,Charged-Off,R02
A10830,C0675,Personal Loan,398729,430351,Low,18581,30,12,Pre-Legal,R02
A10831,C0675,Personal Loan,78914,172381,Low,10043,180,24,Pre-Legal,R03
A10832,C0676,Credit Card,420876,41245,Medium,14391,180,36,Pre-Legal,R02
A10833,C0677,Personal Loan,327157,252275,High,13551,180,24,Pre-Legal,R03
A10834,C0678,Telecom,356091,24586,High,23555,60,12,Legal,R02
A10835,C0679,Personal Loan,53282,91519,Low,10529,60,24,Pre-Legal,R01
A10836,C0679,Credit Card,135792,232850,Low,2916,120,24,Legal,R01
A10837,C0680,Telecom,75535,388096,Medium,14710,180,24,Legal,R02
A10838,C0681,Credit Card,241538,206958,Medium,14805,240,24,Pre-Legal,R02
A10839,C0682,Telecom,440548,197506,Low,15865,120,12,Pre-Legal,R01
A10840,C0683,Personal Loan,210375,80197,Medium,13751,60,12,Pre-Legal,R03
A10841,C0684,Personal Loan,422576,375372,Medium,16493,120,24,Pre-Legal,R01
A10842,C0685,Credit Card,258148,24012,Medium,14759,120,48,Pre-Legal,R03
A10843,C0686,Credit Card,243302,193448,Medium,22288,180,36,Pre-Legal,R02
A10844,C0687,Telecom,499894,187022,Medium,24297,180,48,Pre-Legal,R01
A10845,C0688,Personal Loan,20050,414806,High,17478,120,24,Pre-Legal,R01
A10846,C0689,Personal Loan,139558,317944,Low,24937,180,36,Pre-Legal,R03
A10847,C0690,Credit Card,360496,429380,High,2733,180,36,Pre-Legal,R02
A10848,C0691,Personal Loan,488084,15615,Medium,18450,60,60,Pre-Legal,R03
A10849,C0692,Telecom,390736,28317,Medium,22889,120,12,Pre-Legal,R01
A10850,C0692,Telecom,266765,175441,Low,16423,60,24,Pre-Legal,R01
A10851,C0693,Personal Loan,488735,246979,Medium,13967,240,24,Charged-Off,R01
A10852,C0694,Telecom,477486,110698,Medium,6530,180,12,Charged-Off,R03
A10853,C0695,Credit Card,243023,423605,Low,12770,120,12,Pre-Legal,R03
A10854,C0695,Credit Card,365445,151974,Low,2001,120,24,Pre-Legal,R01
A10855,C0696,Credit Card,276551,377839,High,12574,120,36,Legal,R01
A10856,C0697,Credit Card,292859,430019,Medium,2408,120,48,Legal,R02
A10857,C0698,Personal Loan,196225,148485,Medium,23055,240,12,Pre-Legal,R02
A10858,C0699,Personal Loan,392029,244394,Low,16868,120,48,Charged-Off,R03
A10859,C0700,Personal Loan,435099,375962,High,11133,60,24,Legal,R03
A10860,C0701,Personal Loan,62616,351473,High,1703,120,48,Pre-Legal,R02
A10861,C0702,Credit Card,453370,136822,Medium,17433,240,60,Legal,R02
A10862,C0702,Personal Loan,108116,134233,Low,14369,60,48,Pre-Legal,R01
A10863,C0703,Telecom,145662,451401,Low,10639,180,36,Legal,R02
A10864,C0704,Telecom,494296,362694,High,19852,180,48,Pre-Legal,R01
A10865,C0705,Personal Loan,337319,193810,Medium,13881,180,60,Pre-Legal,R01
A10866,C0706,Personal Loan,293072,325569,Medium,21081,240,60,Pre-Legal,R01
A10867,C0707,Credit Card,395926,124398,Medium,19873,120,12,Pre-Legal,R02
A10868,C0708,Credit Card,392908,476535,High,12340,120,48,Pre-Legal,R02
A10869,C0708,Telecom,450802,67243,Low,13275,180,48,Legal,R01
A10870,C0709,Credit Card,25833,431602,High,1537,30,48,Charged-Off,R03
A10871,C0710,Telecom,26732,332241,Low,14390,240,24,Pre-Legal,R02
A10872,C0711,Telecom,232810,297072,Low,17275,180,60,Legal,R02
A10873,C0712,Telecom,309400,21125,High,16675,60,48,Charged-Off,R02
A10874,C0713,Personal Loan,116102,279813,Medium,13438,30,48,Pre-Legal,R02
A10875,C0713,Credit Card,247894,27873,Low,23961,60,12,Pre-Legal,R01
A10876,C0714,Credit Card,186033,189079,Medium,21239,60,48,Charged-Off,R02
A10877,C0714,Telecom,438692,224483,Medium,1794,180,24,Legal,R01
A10878,C0715,Credit Card,301466,230618,Medium,9741,60,48,Pre-Legal,R03
A10879,C0715,Credit Card,92468,422464,Medium,18701,60,48,Legal,R01
A10880,C0716,Personal Loan,373413,224066,Medium,21115,120,12,Pre-Legal,R01
A10881,C0717,Personal Loan,496387,149942,High,9717,120,48,Pre-Legal,R02
A10882,C0718,Personal Loan,364462,176101,Low,19694,60,24,Charged-Off,R02
A10883,C0719,Credit Card,320877,60389,High,24654,30,60,Pre-Legal,R02
A10884,C0720,Credit Card,102455,389684,Medium,11319,60,48,Pre-Legal,R03
A10885,C0721,Personal Loan,122528,61526,Low,3366,240,60,Pre-Legal,R02
A10886,C0722,Credit Card,222007,135384,Medium,7936,120,48,Legal,R03
A10887,C0723,Personal Loan,285129,338938,Low,7996,120,48,Pre-Legal,R02
A10888,C0724,Telecom,458292,214933,Medium,3643,120,24,Pre-Legal,R01
A10889,C0725,Telecom,59916,76330,High,3168,120,60,Pre-Legal,R03
A10890,C0725,Telecom,143546,402150,Medium,8149,240,12,Pre-Legal,R01
A10891,C0726,Telecom,435915,194044,Medium,5913,60,24,Pre-Legal,R02
A10892,C0726,Credit Card,378451,369318,Low,22115,60,36,Pre-Legal,R01
A10893,C0727,Personal Loan,36057,16310,Low,15965,120,36,Legal,R01
A10894,C0727,Telecom,53149,390735,Medium,13062,120,60,Pre-Legal,R02
A10895,C0728,Personal Loan,208327,63281,High,1744,30,12,Charged-Off,R02
A10896,C0729,Credit Card,273130,253408,Medium,7327,180,12,Legal,R03
A10897,C0729,Personal Loan,497826,219482,Low,4522,120,48,Pre-Legal,R01
A10898,C0730,Credit Card,156243,155661,High,7210,240,48,Legal,R01
A10899,C0731,Personal Loan,430761,109449,Medium,1478,240,12,Legal,R01
A10900,C0731,Telecom,462505,466313,High,14991,60,12,Pre-Legal,R03
A10901,C0732,Credit Card,296051,36637,Medium,3089,30,24,Pre-Legal,R01
A10902,C0733,Credit Card,100459,207176,Low,19910,30,12,Pre-Legal,R01
A10903,C0734,Credit Card,446095,162215,Medium,15226,180,36,Pre-Legal,R02
A10904,C0735,Telecom,119830,252285,High,18386,30,36,Pre-Legal,R02
A10905,C0735,Personal Loan,56894,356762,Medium,9502,180,48,Charged-Off,R02
A10906,C0736,Credit Card,400360,297414,Medium,14198,60,24,Legal,R01
A10907,C0737,Credit Card,426516,403044,Medium,13511,60,60,Charged-Off,R01
A10908,C0737,Credit Card,62738,257368,Low,22054,30,24,Pre-Legal,R01
A10909,C0738,Telecom,318358,204007,Medium,19453,120,12,Legal,R03
A10910,C0739,Personal Loan,319741,98905,Medium,21975,30,48,Pre-Legal,R01
A10911,C0740,Personal Loan,144535,286602,Low,10986,60,24,Pre-Legal,R01
A10912,C0741,Personal Loan,448761,325499,Medium,20377,120,12,Legal,R02
A10913,C0742,Personal Loan,148658,35967,Low,24756,60,24,Charged-Off,R01
A10914,C0743,Credit Card,150145,410722,Medium,12572,180,48,Pre-Legal,R03
A10915,C0743,Personal Loan,341375,298696,Medium,7493,120,24,Pre-Legal,R03
A10916,C0744,Credit Card,258350,109328,Medium,9464,240,36,Pre-Legal,R03
A10917,C0744,Personal Loan,322508,392371,High,20167,60,60,Legal,R02
A10918,C0745,Personal Loan,480662,310644,Medium,5109,30,24,Legal,R02
A10919,C0746,Telecom,350433,46941,Medium,10136,60,24,Pre-Legal,R02
A10920,C0747,Personal Loan,498224,74834,High,5039,30,36,Legal,R02
A10921,C0748,Credit Card,283013,339768,High,4159,30,24,Legal,R03
A10922,C0749,Credit Card,111150,465587,Medium,16746,120,48,Pre-Legal,R03
A10923,C0750,Telecom,243410,141560,High,18189,60,60,Legal,R01
A10924,C0750,Telecom,398625,402320,Low,10862,180,12,Legal,R03
A10925,C0751,Personal Loan,220506,228827,High,14309,180,60,Pre-Legal,R02
A10926,C0752,Credit Card,109831,92400,High,18555,120,12,Pre-Legal,R02
A10927,C0753,Personal Loan,71884,91497,High,3854,60,60,Legal,R03
A10928,C0754,Credit Card,390719,328062,Medium,2970,120,60,Pre-Legal,R03
A10929,C0754,Personal Loan,359594,95543,Medium,21883,240,60,Pre-Legal,R03
A10930,C0755,Personal Loan,310832,63017,Medium,14467,30,24,Pre-Legal,R02
A10931,C0755,Personal Loan,174014,256147,Medium,24765,120,60,Pre-Legal,R02
A10932,C0756,Telecom,414823,145654,Low,24037,180,36,Legal,R02
A10933,C0757,Personal Loan,60693,373591,Medium,4666,60,24,Pre-Legal,R01
A10934,C0758,Credit Card,162512,303389,Low,2056,240,36,Pre-Legal,R03
A10935,C0758,Personal Loan,329571,348983,Low,18997,120,36,Legal,R03
A10936,C0759,Personal Loan,274482,83908,Low,2442,30,36,Pre-Legal,R03
A10937,C0760,Telecom,287587,407414,High,6077,30,24,Legal,R03
A10938,C0760,Telecom,363929,141691,Low,1903,60,60,Pre-Legal,R01
A10939,C0761,Credit Card,417094,148021,Low,21381,60,60,Legal,R02
A10940,C0762,Credit Card,303343,277081,High,2220,60,36,Legal,R03
A10941,C0763,Telecom,250273,462543,Low,8773,180,12,Pre-Legal,R01
A10942,C0763,Credit Card,343436,352563,Low,22717,30,60,Legal,R01
A10943,C0764,Credit Card,419046,176680,Low,15019,60,36,Pre-Legal,R03
A10944,C0765,Credit Card,227547,351506,Medium,24859,120,48,Pre-Legal,R01
A10945,C0766,Credit Card,492913,112357,Low,16180,60,12,Pre-Legal,R03
A10946,C0767,Telecom,270690,50133,High,11730,180,12,Pre-Legal,R02
A10947,C0768,Credit Card,281882,231585,High,793,120,12,Charged-Off,R03
A10948,C0769,Credit Card,462654,45996,Medium,9141,60,36,Pre-Legal,R01
A10949,C0770,Telecom,281387,76915,Medium,11028,30,12,Pre-Legal,R02
A10950,C0771,Credit Card,194953,77399,Medium,15482,60,24,Legal,R03
A10951,C0772,Personal Loan,462037,112812,High,12747,120,60,Legal,R02
A10952,C0773,Credit Card,332458,191796,Low,7459,120,48,Legal,R02
A10953,C0774,Personal Loan,402945,161509,High,11347,180,12,Pre-Legal,R01
A10954,C0775,Personal Loan,415195,402740,Medium,2826,30,36,Pre-Legal,R02
A10955,C0776,Personal Loan,214473,439393,High,3029,60,12,Legal,R01
A10956,C0777,Credit Card,104738,172517,Low,1695,120,24,Pre-Legal,R01
A10957,C0778,Telecom,62113,261602,Medium,22805,180,24,Pre-Legal,R02
A10958,C0779,Personal Loan,369084,479495,Low,11917,180,12,Pre-Legal,R02
A10959,C0780,Personal Loan,359425,414034,Medium,881,60,60,Pre-Legal,R03
A10960,C0780,Personal Loan,379648,130594,Medium,17546,180,24,Pre-Legal,R03
A10961,C0781,Personal Loan,224957,136103,Low,18210,180,60,Pre-Legal,R03
A10962,C0781,Credit Card,45223,468882,High,1875,120,60,Pre-Legal,R02
A10963,C0782,Personal Loan,200703,209724,High,22641,120,12,Pre-Legal,R01
A10964,C0783,Credit Card,61965,374593,Low,11447,30,24,Legal,R03
A10965,C0784,Personal Loan,124134,373111,Medium,6311,60,60,Legal,R03
A10966,C0785,Credit Card,326405,216984,Medium,2077,120,48,Legal,R02
A10967,C0786,Credit Card,351572,238720,Low,11084,180,60,Pre-Legal,R02
A10968,C0787,Credit Card,419884,95880,High,4854,180,36,Pre-Legal,R01
A10969,C0787,Credit Card,206911,341867,High,17173,240,24,Pre-Legal,R02
A10970,C0788,Credit Card,94710,288496,Low,5492,180,12,Pre-Legal,R01
A10971,C0789,Personal Loan,109199,396339,Low,22255,120,24,Legal,R03
A10972,C0790,Credit Card,65310,98406,Medium,11538,60,60,Pre-Legal,R02
A10973,C0790,Credit Card,448487,219463,Low,23939,60,12,Pre-Legal,R02
A10974,C0791,Credit Card,231634,449412,High,9619,30,12,Legal,R01
A10975,C0791,Personal Loan,396823,457747,Low,9942,30,48,Pre-Legal,R01
A10976,C0792,Personal Loan,84557,87752,Medium,16266,240,12,Legal,R01
A10977,C0793,Telecom,212590,47400,Medium,15610,60,60,Legal,R01
A10978,C0794,Telecom,159118,19934,High,1854,240,60,Legal,R01
A10979,C0795,Credit Card,154114,284283,Medium,15262,180,60,Pre-Legal,R03
A10980,C0795,Personal Loan,214444,259956,High,17965,240,36,Pre-Legal,R03
A10981,C0796,Personal Loan,253470,233474,Low,24103,120,24,Pre-Legal,R02
A10982,C0797,Credit Card,323621,203059,Medium,22011,60,48,Pre-Legal,R01
A10983,C0798,Personal Loan,152316,82952,Medium,23052,240,24,Legal,R03
A10984,C0799,Credit Card,457951,118313,Low,9424,180,60,Legal,R01
A10985,C0800,Credit Card,417569,416048,Low,23451,30,12,Legal,R02
A10986,C0801,Credit Card,51280,139130,Medium,4505,180,60,Charged-Off,R03
A10987,C0802,Credit Card,331438,53769,Medium,5081,30,60,Pre-Legal,R03
A10988,C0803,Credit Card,290607,159408,Low,14492,120,36,Pre-Legal,R01
A10989,C0804,Telecom,439386,86908,Low,8062,60,60,Legal,R01
A10990,C0805,Credit Card,234982,365579,High,1758,180,36,Charged-Off,R01
A10991,C0806,Credit Card,282781,236224,High,21276,120,24,Pre-Legal,R03
A10992,C0807,Telecom,319623,224843,High,10644,60,36,Legal,R01
A10993,C0808,Credit Card,319386,418157,High,5559,180,36,Pre-Legal,R02
A10994,C0809,Credit Card,256109,125078,Low,17608,60,24,Legal,R03
A10995,C0810,Credit Card,178413,273432,Low,14070,30,36,Pre-Legal,R01
A10996,C0811,Credit Card,200100,371081,Medium,10749,60,24,Pre-Legal,R03
A10997,C0811,Personal Loan,68423,57873,Low,8306,60,60,Pre-Legal,R03
A10998,C0812,Telecom,435721,305432,Medium,20252,60,12,Pre-Legal,R03
A10999,C0812,Credit Card,263415,298161,Low,13217,120,60,Pre-Legal,R03
A11000,C0813,Personal Loan,210742,219205,Low,24886,120,24,Pre-Legal,R01
A11001,C0814,Credit Card,234072,139143,Medium,19132,60,36,Pre-Legal,R02
A11002,C0815,Credit Card,431676,106641,Medium,10094,180,36,Pre-Legal,R01
A11003,C0816,Personal Loan,204740,66645,Medium,4076,60,60,Pre-Legal,R03
A11004,C0817,Telecom,314676,127765,Medium,11563,240,24,Charged-Off,R01
A11005,C0818,Personal Loan,436428,196434,Low,14526,60,12,Pre-Legal,R01
A11006,C0819,Credit Card,380596,421321,High,19879,120,36,Pre-Legal,R02
A11007,C0820,Credit Card,391735,239215,High,5279,120,60,Pre-Legal,R01
A11008,C0821,Personal Loan,267387,160919,Medium,9627,120,36,Pre-Legal,R01
A11009,C0822,Personal Loan,76795,136729,Medium,3811,180,48,Pre-Legal,R03
A11010,C0822,Personal Loan,320374,126364,Low,21662,30,60,Legal,R01
A11011,C0823,Personal Loan,140848,458541,Medium,16361,30,36,Charged-Off,R02
A11012,C0824,Credit Card,139586,75964,Medium,12183,180,24,Pre-Legal,R03
A11013,C0825,Credit Card,474933,168552,Low,15163,180,60,Pre-Legal,R02
A11014,C0826,Personal Loan,350979,245882,Medium,17861,120,60,Pre-Legal,R03
A11015,C0827,Personal Loan,134090,89676,High,1067,30,36,Legal,R02
A11016,C0828,Personal Loan,415198,179936,High,20454,120,36,Legal,R01
A11017,C0829,Credit Card,133744,246745,Medium,17950,30,60,Pre-Legal,R01
A11018,C0830,Telecom,163262,439502,High,7391,60,60,Pre-Legal,R01
A11019,C0831,Credit Card,475987,328859,Medium,18137,60,24,Pre-Legal,R03
A11020,C0832,Credit Card,71052,37064,Low,22746,30,24,Pre-Legal,R02
A11021,C0832,Credit Card,70530,358243,Low,15297,60,60,Pre-Legal,R03
A11022,C0833,Personal Loan,266037,240942,Low,20801,120,48,Pre-Legal,R03
A11023,C0834,Credit Card,196950,414185,High,20700,180,36,Pre-Legal,R03
A11024,C0834,Credit Card,85560,414178,Medium,24516,60,36,Pre-Legal,R03
A11025,C0835,Telecom,459378,188762,Medium,14948,30,36,Pre-Legal,R03
A11026,C0836,Telecom,94990,185632,High,9203,30,36,Pre-Legal,R01
A11027,C0837,Credit Card,435435,412487,High,20284,180,48,Pre-Legal,R03
A11028,C0838,Personal Loan,21963,385425,High,5677,120,48,Legal,R02
A11029,C0839,Credit Card,275980,344112,Medium,8931,120,48,Legal,R03
A11030,C0839,Credit Card,144906,456932,High,915,30,48,Pre-Legal,R01
A11031,C0840,Personal Loan,196371,139790,Medium,16435,180,24,Pre-Legal,R03
A11032,C0840,Credit Card,282696,35140,Medium,16469,120,12,Charged-Off,R01
A11033,C0841,Personal Loan,317909,359750,Low,22413,30,36,Pre-Legal,R01
A11034,C0842,Personal Loan,29529,399308,Low,12649,30,24,Pre-Legal,R03
A11035,C0843,Telecom,199498,198239,Medium,4074,60,48,Legal,R01
A11036,C0844,Credit Card,428039,169582,High,4935,240,48,Legal,R01
A11037,C0845,Credit Card,193793,213300,Medium,14822,180,12,Pre-Legal,R02
A11038,C0846,Personal Loan,406545,365292,High,6002,60,36,Charged-Off,R03
A11039,C0847,Credit Card,315943,474993,High,22883,30,36,Charged-Off,R01
A11040,C0848,Personal Loan,403409,282041,Medium,20272,60,24,Pre-Legal,R02
A11041,C0849,Credit Card,374551,132952,Low,2751,180,24,Pre-Legal,R01
A11042,C0850,Personal Loan,93251,84353,Low,5100,60,36,Legal,R01
A11043,C0850,Personal Loan,37341,110140,High,17515,30,24,Legal,R02
A11044,C0851,Personal Loan,454724,476000,Low,10395,60,24,Legal,R01
A11045,C0851,Telecom,399080,286280,Low,10742,60,36,Legal,R03
A11046,C0852,Personal Loan,149132,350138,Low,15387,30,48,Legal,R01
A11047,C0853,Credit Card,369829,358019,Medium,6120,60,12,Pre-Legal,R02
A11048,C0854,Personal Loan,126379,327872,Medium,4040,120,36,Pre-Legal,R01
A11049,C0855,Telecom,117417,370462,High,8161,60,24,Pre-Legal,R01
A11050,C0856,Credit Card,164444,445898,Medium,2763,30,24,Legal,R03
A11051,C0857,Telecom,160017,44418,High,14354,60,36,Pre-Legal,R02
A11052,C0857,Telecom,69635,272470,High,17053,60,60,Charged-Off,R02
A11053,C0858,Personal Loan,351693,203302,High,11656,120,36,Charged-Off,R03
A11054,C0859,Credit Card,32420,295456,Medium,23109,180,24,Pre-Legal,R02
A11055,C0860,Telecom,345764,366734,Medium,2392,120,12,Legal,R02
A11056,C0861,Personal Loan,45346,120633,Low,16885,240,48,Pre-Legal,R01
A11057,C0862,Credit Card,162003,153774,Low,14636,180,60,Pre-Legal,R02
A11058,C0863,Credit Card,254849,15018,Medium,5880,120,36,Pre-Legal,R03
A11059,C0864,Credit Card,293538,349302,Low,12795,240,36,Charged-Off,R03
A11060,C0865,Personal Loan,198728,152661,Low,23733,180,48,Pre-Legal,R03
A11061,C0865,Telecom,470047,66827,Low,15465,240,36,Pre-Legal,R01
A11062,C0866,Credit Card,356828,385754,Medium,18665,180,60,Pre-Legal,R03
A11063,C0867,Personal Loan,52191,74488,Medium,17332,120,60,Legal,R02
A11064,C0868,Credit Card,231965,459550,Low,3826,60,36,Pre-Legal,R02
A11065,C0869,Credit Card,401506,59035,High,19040,120,48,Pre-Legal,R02
A11066,C0869,Credit Card,336925,22087,Low,23755,30,60,Legal,R03
A11067,C0870,Telecom,206589,113231,Low,12159,120,12,Legal,R02
A11068,C0871,Personal Loan,30691,144436,High,3023,60,12,Pre-Legal,R02
A11069,C0872,Credit Card,146861,56098,Medium,5833,180,36,Charged-Off,R02
A11070,C0873,Credit Card,496600,441627,Medium,5851,180,48,Legal,R03
A11071,C0873,Telecom,282001,245842,High,6736,30,36,Pre-Legal,R01
A11072,C0874,Credit Card,458046,96983,Medium,24330,120,24,Legal,R02
A11073,C0875,Credit Card,68435,432260,Low,6528,180,60,Legal,R01
A11074,C0875,Credit Card,294507,160138,Medium,16276,30,12,Pre-Legal,R01
A11075,C0876,Telecom,141691,418150,Low,19584,60,48,Pre-Legal,R03
A11076,C0877,Credit Card,173947,236325,High,4013,60,36,Legal,R02
A11077,C0877,Telecom,223156,117820,Medium,18432,180,60,Pre-Legal,R03
A11078,C0878,Credit Card,196555,383423,High,13121,120,48,Pre-Legal,R03
A11079,C0879,Telecom,296800,300410,Medium,10720,120,24,Pre-Legal,R03
A11080,C0879,Credit Card,405891,187805,High,4917,120,48,Pre-Legal,R01
A11081,C0880,Credit Card,393199,134097,Medium,11943,60,24,Pre-Legal,R02
A11082,C0880,Personal Loan,34679,311649,High,18106,60,48,Legal,R02
A11083,C0881,Credit Card,235101,233438,High,8626,30,60,Pre-Legal,R03
A11084,C0881,Credit Card,350975,358367,High,2621,120,12,Pre-Legal,R01
A11085,C0882,Credit Card,494643,423816,Medium,9145,60,60,Legal,R01
A11086,C0883,Telecom,296476,69895,Low,7765,180,60,Legal,R02
A11087,C0884,Personal Loan,257895,417204,Medium,13452,120,24,Pre-Legal,R02
A11088,C0885,Credit Card,171836,205984,Medium,13434,30,24,Pre-Legal,R02
A11089,C0885,Telecom,222476,159143,High,8541,60,36,Pre-Legal,R01
A11090,C0886,Telecom,310367,310719,Medium,11900,30,12,Legal,R03
A11091,C0886,Credit Card,198501,324887,Medium,579,180,60,Pre-Legal,R03
A11092,C0887,Credit Card,152019,358524,High,17024,120,60,Pre-Legal,R03
A11093,C0888,Telecom,221926,339379,High,15905,180,24,Pre-Legal,R03
A11094,C0889,Telecom,432546,227338,Medium,15883,30,24,Legal,R02
A11095,C0889,Telecom,449904,217301,Medium,24622,120,48,Legal,R03
A11096,C0890,Personal Loan,106314,205664,Low,21514,240,12,Pre-Legal,R03
A11097,C0891,Credit Card,62129,269935,Medium,12026,180,60,Pre-Legal,R02
A11098,C0891,Personal Loan,104946,103918,Low,24155,60,48,Pre-Legal,R02
A11099,C0892,Personal Loan,203643,147216,Low,12713,180,48,Pre-Legal,R02
A11100,C0893,Credit Card,446960,461640,Medium,11048,180,48,Legal,R02
A11101,C0893,Personal Loan,208766,331921,High,14261,60,12,Legal,R03
A11102,C0894,Personal Loan,312412,150362,Medium,6946,30,12,Legal,R02
A11103,C0895,Telecom,475026,65357,Medium,17473,60,48,Legal,R03
A11104,C0896,Credit Card,489044,123380,Low,9155,120,36,Legal,R03
A11105,C0897,Credit Card,284952,290995,High,15558,180,48,Charged-Off,R02
A11106,C0898,Personal Loan,259128,319280,Low,23420,240,24,Legal,R03
A11107,C0899,Telecom,32926,245431,Medium,20480,30,48,Legal,R03
A11108,C0900,Credit Card,36321,418985,Medium,16651,60,48,Pre-Legal,R02
A11109,C0901,Credit Card,149191,389975,High,16547,120,60,Pre-Legal,R02
A11110,C0902,Personal Loan,117052,142894,Medium,9300,180,48,Legal,R01
A11111,C0903,Personal Loan,486935,53692,Low,14401,120,60,Charged-Off,R02
A11112,C0904,Credit Card,393834,445037,Medium,6573,120,24,Charged-Off,R03
A11113,C0905,Personal Loan,79668,369100,Medium,21647,60,12,Charged-Off,R02
A11114,C0905,Telecom,238400,365404,Medium,14528,60,12,Pre-Legal,R01
A11115,C0906,Personal Loan,290871,201478,High,11334,180,48,Pre-Legal,R03
A11116,C0907,Personal Loan,295140,329629,Medium,13972,60,60,Pre-Legal,R03
A11117,C0907,Personal Loan,157095,35543,Medium,4367,120,60,Legal,R01
A11118,C0908,Personal Loan,299190,290541,Medium,3890,120,48,Legal,R01
A11119,C0909,Personal Loan,154918,158431,High,8564,120,48,Pre-Legal,R02
A11120,C0909,Personal Loan,461588,34674,Medium,2751,180,24,Pre-Legal,R02
A11121,C0910,Personal Loan,237443,118229,Low,19790,120,12,Charged-Off,R01
A11122,C0911,Credit Card,47122,306525,Medium,23767,30,36,Legal,R01
A11123,C0912,Personal Loan,216334,466127,High,13397,180,48,Legal,R03
A11124,C0913,Personal Loan,173609,411010,High,24496,120,36,Charged-Off,R03
A11125,C0914,Credit Card,197047,211582,High,22790,120,36,Legal,R02
A11126,C0914,Personal Loan,268917,295866,Medium,18485,60,48,Legal,R02
A11127,C0915,Personal Loan,42036,271306,High,15703,30,48,Pre-Legal,R03
A11128,C0915,Telecom,331809,128408,Low,7001,30,60,Pre-Legal,R02
A11129,C0916,Personal Loan,289856,292961,Medium,23956,240,48,Pre-Legal,R01
A11130,C0916,Personal Loan,239983,303237,High,11799,30,24,Pre-Legal,R01
A11131,C0917,Personal Loan,102951,252015,Medium,21831,60,48,Legal,R02
A11132,C0917,Credit Card,361358,397439,Medium,19850,120,24,Pre-Legal,R01
A11133,C0918,Telecom,459179,450199,High,17082,30,36,Charged-Off,R01
A11134,C0919,Personal Loan,449708,112753,High,23477,30,48,Pre-Legal,R03
A11135,C0920,Personal Loan,108898,318979,Low,8265,240,60,Legal,R02
A11136,C0920,Credit Card,192413,278380,Medium,15038,120,12,Legal,R02
A11137,C0921,Telecom,434919,321335,Low,11899,180,24,Pre-Legal,R02
A11138,C0922,Personal Loan,325262,74615,Medium,24065,180,24,Pre-Legal,R03
A11139,C0923,Credit Card,342650,302111,High,23992,30,24,Pre-Legal,R01
A11140,C0924,Telecom,161296,253332,Low,22946,60,12,Legal,R01
A11141,C0925,Personal Loan,124381,80671,High,4533,30,36,Pre-Legal,R01
A11142,C0925,Credit Card,163954,163017,Medium,3814,30,48,Pre-Legal,R03
A11143,C0926,Telecom,383254,256337,Medium,9592,120,48,Pre-Legal,R01
A11144,C0927,Personal Loan,292363,366161,Low,5685,30,60,Legal,R01
A11145,C0928,Telecom,365469,146195,Low,6409,180,12,Pre-Legal,R02
A11146,C0929,Credit Card,482422,458509,Low,15529,120,36,Pre-Legal,R03
A11147,C0930,Personal Loan,449174,249324,Low,18508,30,60,Charged-Off,R03
A11148,C0931,Credit Card,115373,147047,High,4818,60,24,Legal,R02
A11149,C0931,Credit Card,387112,388830,Medium,12927,30,60,Pre-Legal,R03
A11150,C0932,Personal Loan,35412,139135,Low,18541,240,60,Pre-Legal,R03
A11151,C0933,Telecom,187858,372345,High,18708,240,60,Legal,R02
A11152,C0933,Telecom,176778,225926,Low,17238,120,60,Legal,R01
A11153,C0934,Personal Loan,494766,375881,High,1367,120,48,Pre-Legal,R02
A11154,C0934,Telecom,163128,469699,Low,13641,180,36,Pre-Legal,R03
A11155,C0935,Telecom,499329,248336,High,19716,60,48,Pre-Legal,R02
A11156,C0935,Credit Card,306881,38390,Medium,6046,60,24,Pre-Legal,R02
A11157,C0936,Telecom,116342,257936,High,12020,120,48,Legal,R02
A11158,C0937,Personal Loan,481596,197957,High,10190,240,48,Pre-Legal,R01
A11159,C0938,Credit Card,33219,385652,Medium,22189,180,24,Pre-Legal,R01
A11160,C0938,Personal Loan,232078,195029,Low,12228,60,48,Pre-Legal,R01
A11161,C0939,Credit Card,31675,104606,Medium,19709,30,36,Pre-Legal,R02
A11162,C0940,Personal Loan,138411,165184,Low,23730,30,12,Pre-Legal,R03
A11163,C0941,Personal Loan,110853,136992,Low,12112,30,24,Pre-Legal,R03
A11164,C0942,Credit Card,385556,311695,Low,22714,120,36,Legal,R03
A11165,C0943,Personal Loan,193708,477441,High,15187,240,12,Pre-Legal,R03
A11166,C0944,Credit Card,264987,356910,Low,10540,120,12,Legal,R02
A11167,C0945,Personal Loan,307556,160384,Low,21718,120,60,Pre-Legal,R01
A11168,C0946,Credit Card,398865,23002,Low,14398,180,48,Charged-Off,R03
A11169,C0947,Telecom,194458,145864,Low,21823,30,60,Legal,R01
A11170,C0947,Telecom,204884,78271,High,16128,60,24,Legal,R01
A11171,C0948,Credit Card,371554,259000,Medium,6817,30,48,Pre-Legal,R03
A11172,C0949,Credit Card,441541,295602,Medium,16506,120,60,Pre-Legal,R02
A11173,C0949,Personal Loan,101234,144282,Low,2071,60,24,Pre-Legal,R02
A11174,C0950,Personal Loan,400445,187492,Low,6527,120,48,Pre-Legal,R02
A11175,C0950,Credit Card,281712,454600,High,24010,30,60,Pre-Legal,R01
A11176,C0951,Personal Loan,250066,428623,High,3937,180,48,Legal,R01
A11177,C0952,Credit Card,195477,447058,Medium,19261,30,36,Pre-Legal,R02
A11178,C0953,Personal Loan,184704,316829,High,9477,180,12,Pre-Legal,R01
A11179,C0954,Credit Card,422112,372479,Medium,7690,180,60,Legal,R03
A11180,C0955,Personal Loan,95535,101390,High,7272,180,48,Pre-Legal,R02
A11181,C0956,Telecom,487909,138355,High,1061,30,24,Legal,R01
A11182,C0957,Credit Card,186078,163616,Medium,12517,60,36,Pre-Legal,R01
A11183,C0958,Personal Loan,393739,476373,Medium,1787,30,60,Pre-Legal,R01
A11184,C0959,Telecom,445454,250576,Low,3638,240,24,Pre-Legal,R02
A11185,C0960,Personal Loan,230186,431584,High,6219,180,12,Legal,R03
A11186,C0961,Personal Loan,269048,355398,Medium,22053,240,12,Charged-Off,R03
A11187,C0962,Telecom,89776,308603,Low,15410,60,48,Pre-Legal,R03
A11188,C0963,Personal Loan,232243,467132,Low,16307,240,48,Pre-Legal,R03
A11189,C0963,Personal Loan,80693,308577,Medium,16304,120,48,Legal,R03
A11190,C0964,Telecom,39477,293271,High,12973,120,60,Legal,R03
A11191,C0965,Credit Card,232875,318658,High,11946,180,60,Pre-Legal,R02
A11192,C0966,Credit Card,25560,123763,Low,5814,60,36,Legal,R02
A11193,C0967,Personal Loan,190532,56986,Low,20117,240,48,Pre-Legal,R01
A11194,C0967,Credit Card,164763,386930,Low,6428,60,60,Legal,R01
A11195,C0968,Credit Card,29940,312313,Medium,12932,30,48,Legal,R03
A11196,C0969,Credit Card,178337,15530,Low,10719,60,24,Legal,R02
A11197,C0970,Telecom,78642,200321,Low,6563,60,24,Legal,R01
A11198,C0971,Telecom,305110,452239,Medium,2716,240,24,Pre-Legal,R03
A11199,C0972,Personal Loan,495314,127696,Medium,24855,240,36,Legal,R01
A11200,C0973,Personal Loan,406425,26116,Medium,18265,30,48,Legal,R02
A11201,C0974,Personal Loan,105261,415222,Low,5847,120,36,Legal,R03
A11202,C0974,Telecom,229691,64647,Medium,19631,60,60,Pre-Legal,R03
A11203,C0975,Telecom,34546,187596,Low,24918,30,12,Legal,R03
A11204,C0975,Credit Card,140045,346642,Low,5354,240,60,Pre-Legal,R01
A11205,C0976,Personal Loan,119895,137641,Medium,24679,180,24,Legal,R03
A11206,C0977,Personal Loan,421274,159776,Low,11588,120,60,Legal,R03
A11207,C0978,Credit Card,225065,479244,Low,21955,30,36,Legal,R03
A11208,C0979,Telecom,485847,321935,Low,1558,120,12,Legal,R02
A11209,C0979,Credit Card,375183,231879,High,16398,120,12,Pre-Legal,R03
A11210,C0980,Credit Card,346910,80711,Low,15606,30,36,Pre-Legal,R03
A11211,C0981,Credit Card,225384,90348,High,22135,30,48,Pre-Legal,R02
A11212,C0982,Telecom,269130,65697,High,21388,180,36,Pre-Legal,R03
A11213,C0983,Personal Loan,361293,317311,Medium,17277,180,36,Pre-Legal,R02
A11214,C0983,Credit Card,27509,233924,High,14581,60,24,Pre-Legal,R03
A11215,C0984,Personal Loan,150204,453868,High,2774,30,12,Pre-Legal,R03
A11216,C0985,Credit Card,248845,323840,High,6604,120,36,Pre-Legal,R03
A11217,C0986,Credit Card,158519,166343,Medium,20665,30,36,Legal,R01
A11218,C0987,Credit Card,131414,347729,Low,21588,180,12,Pre-Legal,R03
A11219,C0988,Telecom,343633,300135,Medium,24957,180,36,Legal,R01
A11220,C0989,Credit Card,35330,424680,High,17141,120,48,Charged-Off,R01
A11221,C0990,Credit Card,220122,440950,Medium,2852,30,60,Legal,R01
A11222,C0991,Personal Loan,116993,130742,Low,22271,240,12,Pre-Legal,R01
A11223,C0992,Personal Loan,110947,46152,High,6066,180,12,Pre-Legal,R03
A11224,C0993,Credit Card,61815,473213,High,22751,60,48,Legal,R02
A11225,C0994,Personal Loan,54121,451211,Medium,17563,120,36,Pre-Legal,R03
A11226,C0995,Personal Loan,330062,111666,Low,6625,240,48,Pre-Legal,R03
A11227,C0996,Credit Card,58634,365857,Low,16751,60,12,Legal,R03
A11228,C0997,Credit Card,398337,102762,Low,5820,120,48,Pre-Legal,R01
A11229,C0998,Telecom,444653,297663,Low,20295,30,48,Legal,R03
A11230,C0999,Credit Card,80666,378021,High,9921,120,36,Legal,R02
A11231,C1000,Credit Card,338952,48580,Low,10630,120,48,Pre-Legal,R01
