customer_id,age_band,income_band,employment_status,residential_type,region_type,vulnerability_flag,dataset_split
C0001,25-40,Low,Salaried,Rented,Semi-Urban,No,Train
C0002,60+,Medium,Salaried,Rented,Rural,No,Train
C0003,40-60,High,Retired,Owned,Semi-Urban,No,Train
C0004,40-60,Medium,Salaried,Rented,Urban,No,Train
C0005,25-40,High,Salaried,Rented,Urban,No,Train
C0006,25-40,Medium,Unemployed,Family,Urban,Yes,Train
C0007,<25,Medium,Salaried,Family,Urban,No,Train
C0008,60+,High,Unemployed,Owned,Urban,No,Train
C0009,40-60,Low,Salaried,Rented,Semi-Urban,No,Train
C0010,40-60,Medium,Self-Employed,Owned,Urban,No,Train
C0011,<25,Low,Salaried,Rented,Urban,No,Train
C0012,60+,High,Salaried,Owned,Urban,No,Train
C0013,40-60,High,Retired,Owned,Semi-Urban,No,Train
C0014,25-40,Low,Salaried,Owned,Urban,No,Train
C0015,25-40,Medium,Self-Employed,Rented,Semi-Urban,No,Train
C0016,25-40,High,Salaried,Owned,Urban,No,Train
C0017,25-40,Low,Salaried,Rented,Rural,Yes,Train
C0018,40-60,Medium,Unemployed,Rented,Rural,No,Train
C0019,25-40,High,Salaried,Owned,Urban,No,Train
C0020,25-40,Low,Self-Employed,Rented,Urban,No,Train
C0021,40-60,Medium,Retired,Owned,Urban,No,Train
C0022,25-40,Low,Self-Employed,Rented,Urban,No,Train
C0023,25-40,High,Retired,Rented,Semi-Urban,No,Train
C0024,25-40,High,Salaried,Owned,Rural,No,Train
C0025,25-40,High,Salaried,Owned,Semi-Urban,No,Train
C0026,40-60,Medium,Salaried,Owned,Rural,No,Train
C0027,25-40,High,Unemployed,Family,Urban,No,Train
C0028,40-60,High,Retired,Rented,Urban,Yes,Train
C0029,40-60,Low,Salaried,Rented,Semi-Urban,No,Train
C0030,<25,High,Self-Employed,Rented,Urban,Yes,Train
C0031,40-60,Low,Salaried,Owned,Semi-Urban,No,Train
C0032,25-40,Medium,Self-Employed,Rented,Urban,No,Train
C0033,<25,Low,Self-Employed,Rented,Urban,No,Train
C0034,60+,Low,Retired,Owned,Rural,No,Train
C0035,60+,Low,Self-Employed,Owned,Urban,No,Train
C0036,40-60,Medium,Salaried,Owned,Rural,No,Train
C0037,25-40,Low,Salaried,Rented,Rural,No,Train
C0038,<25,Medium,Salaried,Family,Semi-Urban,No,Train
C0039,40-60,Low,Salaried,Owned,Semi-Urban,No,Train
C0040,25-40,Low,Salaried,Rented,Semi-Urban,No,Train
C0041,25-40,Medium,Unemployed,Owned,Rural,No,Train
C0042,25-40,Medium,Self-Employed,Family,Urban,No,Train
C0043,<25,Low,Self-Employed,Owned,Urban,No,Train
C0044,60+,Medium,Salaried,Rented,Semi-Urban,No,Train
C0045,25-40,High,Unemployed,Rented,Urban,No,Train
C0046,40-60,Medium,Unemployed,Rented,Urban,No,Train
C0047,25-40,Low,Salaried,Rented,Urban,No,Train
C0048,40-60,Low,Unemployed,Owned,Semi-Urban,No,Train
C0049,40-60,High,Self-Employed,Owned,Rural,No,Train
C0050,25-40,Low,Salaried,Owned,Urban,No,Train
C0051,60+,High,Self-Employed,Owned,Rural,No,Train
C0052,40-60,Medium,Self-Employed,Rented,Semi-Urban,No,Train
C0053,60+,High,Salaried,Owned,Rural,No,Train
C0054,60+,Medium,Retired,Owned,Semi-Urban,Yes,Train
C0055,40-60,High,Unemployed,Rented,Semi-Urban,No,Train
C0056,60+,Medium,Self-Employed,Family,Urban,No,Train
C0057,<25,Medium,Self-Employed,Rented,Rural,No,Train
C0058,25-40,Medium,Salaried,Owned,Urban,No,Train
C0059,<25,Medium,Self-Employed,Owned,Rural,No,Train
C0060,25-40,Medium,Self-Employed,Family,Rural,No,Train
C0061,25-40,High,Salaried,Owned,Urban,No,Train
C0062,25-40,High,Self-Employed,Owned,Urban,No,Train
C0063,40-60,Medium,Unemployed,Rented,Semi-Urban,No,Train
C0064,25-40,Medium,Self-Employed,Rented,Urban,No,Train
C0065,25-40,Medium,Salaried,Rented,Rural,No,Train
C0066,40-60,Medium,Unemployed,Owned,Urban,Yes,Train
C0067,25-40,Low,Salaried,Owned,Urban,No,Train
C0068,40-60,Low,Salaried,Family,Rural,No,Train
C0069,<25,Medium,Salaried,Owned,Semi-Urban,No,Train
C0070,60+,Low,Salaried,Rented,Rural,Yes,Train
C0071,40-60,Low,Unemployed,Rented,Urban,No,Train
C0072,25-40,Low,Self-Employed,Rented,Semi-Urban,No,Train
C0073,<25,Low,Salaried,Owned,Semi-Urban,No,Train
C0074,40-60,Low,Unemployed,Owned,Semi-Urban,Yes,Train
C0075,40-60,High,Unemployed,Rented,Semi-Urban,No,Train
C0076,40-60,Medium,Unemployed,Family,Semi-Urban,No,Train
C0077,40-60,Medium,Salaried,Family,Urban,No,Train
C0078,<25,Medium,Self-Employed,Owned,Urban,No,Train
C0079,25-40,Low,Retired,Owned,Semi-Urban,No,Train
C0080,25-40,High,Unemployed,Family,Urban,No,Train
C0081,60+,Medium,Salaried,Rented,Semi-Urban,Yes,Train
C0082,40-60,Low,Salaried,Family,Urban,Yes,Train
C0083,25-40,Medium,Self-Employed,Owned,Semi-Urban,No,Train
C0084,<25,High,Retired,Rented,Semi-Urban,No,Train
C0085,25-40,High,Self-Employed,Rented,Urban,No,Train
C0086,25-40,Medium,Self-Employed,Rented,Urban,No,Train
C0087,40-60,Medium,Salaried,Rented,Urban,No,Train
C0088,40-60,Low,Self-Employed,Owned,Semi-Urban,Yes,Train
C0089,60+,High,Unemployed,Rented,Rural,No,Train
C0090,25-40,Low,Salaried,Owned,Urban,Yes,Train
C0091,25-40,High,Unemployed,Rented,Semi-Urban,Yes,Train
C0092,40-60,Medium,Retired,Family,Urban,Yes,Train
C0093,40-60,Medium,Salaried,Owned,Urban,No,Train
C0094,40-60,Medium,Self-Employed,Family,Rural,Yes,Train
C0095,40-60,Low,Salaried,Owned,Urban,Yes,Train
C0096,25-40,Low,Unemployed,Rented,Urban,No,Train
C0097,40-60,Low,Self-Employed,Family,Urban,No,Train
C0098,25-40,Low,Self-Employed,Owned,Urban,No,Train
C0099,<25,Medium,Unemployed,Owned,Urban,No,Train
C0100,25-40,Medium,Salaried,Rented,Urban,Yes,Train
C0101,<25,Low,Retired,Owned,Semi-Urban,No,Train
C0102,40-60,High,Self-Employed,Rented,Urban,No,Train
C0103,25-40,High,Salaried,Family,Semi-Urban,No,Train
C0104,40-60,High,Self-Employed,Rented,Urban,No,Train
C0105,60+,High,Unemployed,Owned,Urban,No,Train
C0106,25-40,Low,Salaried,Rented,Semi-Urban,Yes,Train
C0107,25-40,Medium,Unemployed,Rented,Rural,No,Train
C0108,40-60,Medium,Retired,Owned,Urban,Yes,Train
C0109,25-40,Medium,Salaried,Rented,Rural,No,Train
C0110,<25,Low,Retired,Rented,Semi-Urban,No,Train
C0111,25-40,High,Salaried,Rented,Semi-Urban,No,Train
C0112,25-40,Low,Salaried,Owned,Semi-Urban,No,Train
C0113,60+,Low,Salaried,Rented,Urban,No,Train
C0114,40-60,Medium,Unemployed,Owned,Urban,No,Train
C0115,40-60,Medium,Self-Employed,Owned,Semi-Urban,No,Train
C0116,60+,Medium,Salaried,Family,Urban,No,Train
C0117,40-60,Low,Salaried,Rented,Rural,No,Train
C0118,25-40,High,Self-Employed,Owned,Urban,No,Train
C0119,60+,Low,Salaried,Owned,Urban,No,Train
C0120,40-60,Low,Unemployed,Owned,Semi-Urban,No,Train
C0121,40-60,High,Unemployed,Owned,Urban,No,Train
C0122,60+,High,Self-Employed,Owned,Semi-Urban,No,Train
C0123,25-40,High,Retired,Owned,Semi-Urban,Yes,Train
C0124,25-40,High,Salaried,Rented,Rural,No,Train
C0125,25-40,Medium,Retired,Rented,Semi-Urban,No,Train
C0126,25-40,Medium,Self-Employed,Rented,Semi-Urban,No,Train
C0127,40-60,Low,Self-Employed,Rented,Semi-Urban,No,Train
C0128,60+,Medium,Salaried,Owned,Rural,No,Train
C0129,<25,Medium,Unemployed,Family,Urban,No,Train
C0130,40-60,Low,Salaried,Family,Urban,No,Train
C0131,25-40,Medium,Salaried,Family,Urban,No,Train
C0132,25-40,Medium,Salaried,Family,Urban,No,Train
C0133,25-40,Low,Self-Employed,Family,Semi-Urban,Yes,Train
C0134,25-40,Low,Self-Employed,Rented,Semi-Urban,Yes,Train
C0135,60+,Medium,Unemployed,Owned,Semi-Urban,No,Train
C0136,25-40,Low,Unemployed,Rented,Urban,No,Train
C0137,40-60,High,Salaried,Rented,Semi-Urban,No,Train
C0138,40-60,Medium,Unemployed,Rented,Urban,Yes,Train
C0139,25-40,Medium,Salaried,Rented,Semi-Urban,No,Train
C0140,60+,Medium,Unemployed,Owned,Semi-Urban,No,Train
C0141,60+,High,Unemployed,Owned,Urban,No,Train
C0142,25-40,Low,Self-Employed,Family,Urban,Yes,Train
C0143,25-40,Medium,Unemployed,Rented,Urban,No,Train
C0144,25-40,Medium,Salaried,Rented,Rural,No,Train
C0145,25-40,Low,Self-Employed,Owned,Rural,No,Train
C0146,<25,High,Unemployed,Owned,Semi-Urban,No,Train
C0147,40-60,Medium,Self-Employed,Family,Urban,No,Train
C0148,40-60,Medium,Salaried,Rented,Urban,No,Train
C0149,<25,High,Self-Employed,Rented,Semi-Urban,No,Train
C0150,25-40,High,Unemployed,Rented,Semi-Urban,Yes,Train
C0151,60+,Medium,Salaried,Rented,Urban,No,Train
C0152,25-40,High,Salaried,Owned,Urban,No,Train
C0153,25-40,Medium,Unemployed,Rented,Semi-Urban,No,Train
C0154,25-40,Medium,Unemployed,Rented,Urban,No,Train
C0155,60+,Medium,Salaried,Rented,Urban,No,Train
C0156,25-40,Medium,Salaried,Rented,Urban,No,Train
C0157,40-60,Low,Salaried,Family,Semi-Urban,No,Train
C0158,40-60,High,Salaried,Owned,Rural,No,Train
C0159,25-40,High,Self-Employed,Family,Rural,No,Train
C0160,40-60,Low,Unemployed,Owned,Semi-Urban,No,Train
C0161,25-40,High,Self-Employed,Rented,Semi-Urban,No,Train
C0162,40-60,Low,Self-Employed,Owned,Urban,Yes,Train
C0163,40-60,Low,Salaried,Owned,Semi-Urban,No,Train
C0164,40-60,Medium,Unemployed,Rented,Urban,No,Train
C0165,<25,Low,Self-Employed,Owned,Semi-Urban,Yes,Train
C0166,40-60,High,Retired,Rented,Urban,No,Train
C0167,25-40,High,Self-Employed,Family,Urban,No,Train
C0168,25-40,Medium,Salaried,Owned,Urban,Yes,Train
C0169,<25,Low,Self-Employed,Rented,Urban,No,Train
C0170,40-60,Low,Salaried,Rented,Urban,No,Train
C0171,40-60,Medium,Self-Employed,Rented,Urban,No,Train
C0172,<25,High,Salaried,Owned,Rural,No,Train
C0173,40-60,Medium,Salaried,Owned,Urban,Yes,Train
C0174,25-40,Low,Unemployed,Owned,Semi-Urban,Yes,Train
C0175,40-60,Medium,Salaried,Owned,Rural,No,Train
C0176,25-40,Medium,Unemployed,Owned,Rural,No,Train
C0177,40-60,Medium,Salaried,Rented,Semi-Urban,No,Train
C0178,25-40,Low,Self-Employed,Family,Rural,Yes,Train
C0179,60+,Medium,Self-Employed,Family,Urban,No,Train
C0180,25-40,Medium,Self-Employed,Rented,Urban,No,Train
C0181,25-40,High,Salaried,Owned,Urban,No,Train
C0182,25-40,Low,Salaried,Owned,Semi-Urban,No,Train
C0183,60+,Medium,Salaried,Owned,Semi-Urban,Yes,Train
C0184,60+,High,Salaried,Owned,Urban,No,Train
C0185,25-40,Low,Self-Employed,Rented,Urban,No,Train
C0186,40-60,High,Retired,Rented,Semi-Urban,No,Train
C0187,40-60,Medium,Unemployed,Owned,Urban,No,Train
C0188,40-60,Low,Unemployed,Owned,Semi-Urban,No,Train
C0189,40-60,Low,Unemployed,Family,Semi-Urban,No,Train
C0190,25-40,Medium,Self-Employed,Rented,Semi-Urban,No,Train
C0191,<25,Low,Salaried,Owned,Semi-Urban,No,Train
C0192,60+,Medium,Retired,Family,Rural,No,Train
C0193,60+,Low,Self-Employed,Family,Urban,No,Train
C0194,40-60,Medium,Self-Employed,Owned,Semi-Urban,No,Train
C0195,25-40,Low,Salaried,Owned,Semi-Urban,No,Train
C0196,25-40,High,Salaried,Rented,Urban,No,Train
C0197,40-60,High,Self-Employed,Family,Urban,No,Train
C0198,60+,High,Unemployed,Family,Urban,Yes,Train
C0199,60+,Medium,Self-Employed,Owned,Urban,No,Train
C0200,40-60,Low,Salaried,Owned,Semi-Urban,No,Train
C0201,40-60,Medium,Retired,Rented,Rural,No,Train
C0202,<25,Low,Salaried,Rented,Urban,No,Train
C0203,25-40,Low,Salaried,Owned,Urban,No,Train
C0204,60+,Low,Salaried,Family,Rural,No,Train
C0205,40-60,Medium,Unemployed,Rented,Urban,No,Train
C0206,<25,Medium,Retired,Family,Urban,No,Train
C0207,25-40,Medium,Salaried,Family,Semi-Urban,No,Train
C0208,40-60,Medium,Unemployed,Rented,Semi-Urban,No,Train
C0209,<25,Low,Salaried,Rented,Urban,No,Train
C0210,25-40,High,Retired,Rented,Urban,No,Train
C0211,40-60,Medium,Unemployed,Owned,Urban,No,Train
C0212,40-60,Medium,Unemployed,Rented,Semi-Urban,No,Train
C0213,40-60,Low,Salaried,Owned,Semi-Urban,No,Train
C0214,25-40,Medium,Retired,Rented,Urban,No,Train
C0215,40-60,Medium,Unemployed,Owned,Semi-Urban,No,Train
C0216,25-40,Low,Salaried,Owned,Rural,No,Train
C0217,25-40,Low,Unemployed,Owned,Urban,No,Train
C0218,40-60,Medium,Salaried,Owned,Urban,No,Train
C0219,40-60,Medium,Unemployed,Rented,Semi-Urban,No,Train
C0220,40-60,Low,Salaried,Rented,Urban,Yes,Train
C0221,40-60,High,Unemployed,Rented,Urban,No,Train
C0222,40-60,Low,Self-Employed,Owned,Semi-Urban,No,Train
C0223,<25,Medium,Salaried,Owned,Rural,No,Train
C0224,25-40,High,Salaried,Owned,Rural,No,Train
C0225,25-40,Medium,Salaried,Owned,Semi-Urban,No,Train
C0226,25-40,Medium,Self-Employed,Family,Semi-Urban,Yes,Train
C0227,60+,Medium,Salaried,Owned,Urban,No,Train
C0228,25-40,Low,Self-Employed,Owned,Semi-Urban,No,Train
C0229,60+,High,Salaried,Owned,Urban,No,Train
C0230,40-60,Medium,Salaried,Owned,Urban,No,Train
C0231,40-60,High,Unemployed,Rented,Semi-Urban,No,Train
C0232,40-60,Low,Salaried,Rented,Semi-Urban,No,Train
C0233,40-60,Low,Retired,Owned,Urban,No,Train
C0234,25-40,Low,Unemployed,Owned,Rural,No,Train
C0235,25-40,Medium,Self-Employed,Owned,Urban,No,Train
C0236,40-60,Medium,Self-Employed,Owned,Urban,Yes,Train
C0237,25-40,High,Unemployed,Owned,Urban,No,Train
C0238,<25,Medium,Salaried,Family,Semi-Urban,No,Train
C0239,40-60,High,Salaried,Rented,Semi-Urban,Yes,Train
C0240,25-40,Low,Salaried,Rented,Urban,No,Train
C0241,60+,High,Unemployed,Rented,Semi-Urban,No,Train
C0242,60+,Medium,Salaried,Rented,Urban,No,Train
C0243,60+,Medium,Self-Employed,Rented,Semi-Urban,No,Train
C0244,25-40,High,Retired,Rented,Urban,No,Train
C0245,<25,Medium,Unemployed,Rented,Urban,No,Train
C0246,60+,Medium,Self-Employed,Owned,Rural,No,Train
C0247,25-40,Low,Salaried,Rented,Urban,No,Train
C0248,60+,Low,Unemployed,Rented,Urban,No,Train
C0249,60+,High,Self-Employed,Family,Semi-Urban,No,Train
C0250,60+,Medium,Salaried,Rented,Rural,No,Train
C0251,25-40,Medium,Salaried,Rented,Urban,No,Train
C0252,25-40,Medium,Retired,Owned,Urban,No,Train
C0253,60+,Low,Self-Employed,Rented,Urban,No,Train
C0254,25-40,Low,Unemployed,Owned,Semi-Urban,Yes,Train
C0255,25-40,Medium,Unemployed,Owned,Urban,No,Train
C0256,40-60,Medium,Self-Employed,Owned,Semi-Urban,No,Train
C0257,60+,Low,Self-Employed,Rented,Rural,Yes,Train
C0258,40-60,Medium,Salaried,Owned,Urban,No,Train
C0259,40-60,Low,Salaried,Owned,Urban,No,Train
C0260,<25,Medium,Salaried,Family,Urban,No,Train
C0261,40-60,Low,Unemployed,Owned,Urban,No,Train
C0262,60+,Medium,Self-Employed,Rented,Rural,No,Train
C0263,25-40,Low,Unemployed,Rented,Urban,No,Train
C0264,40-60,Medium,Salaried,Owned,Urban,Yes,Train
C0265,60+,Low,Self-Employed,Rented,Semi-Urban,No,Train
C0266,40-60,Low,Self-Employed,Owned,Urban,No,Train
C0267,40-60,Medium,Self-Employed,Rented,Semi-Urban,No,Train
C0268,40-60,Medium,Unemployed,Rented,Urban,No,Train
C0269,25-40,Medium,Salaried,Rented,Rural,No,Train
C0270,25-40,Low,Self-Employed,Rented,Rural,No,Train
C0271,40-60,Medium,Salaried,Owned,Semi-Urban,No,Train
C0272,40-60,High,Salaried,Owned,Rural,Yes,Train
C0273,60+,Medium,Self-Employed,Rented,Urban,No,Train
C0274,60+,Low,Self-Employed,Rented,Urban,No,Train
C0275,40-60,Medium,Retired,Family,Semi-Urban,No,Train
C0276,40-60,Low,Self-Employed,Family,Semi-Urban,No,Train
C0277,40-60,Low,Unemployed,Family,Urban,No,Train
C0278,40-60,High,Self-Employed,Rented,Urban,No,Train
C0279,40-60,Low,Self-Employed,Owned,Urban,No,Train
C0280,40-60,Medium,Salaried,Rented,Urban,No,Train
C0281,60+,Medium,Salaried,Rented,Urban,No,Train
C0282,25-40,Medium,Salaried,Owned,Semi-Urban,No,Train
C0283,25-40,Medium,Self-Employed,Family,Urban,No,Train
C0284,<25,Low,Salaried,Family,Urban,No,Train
C0285,40-60,Low,Salaried,Rented,Semi-Urban,No,Train
C0286,<25,Medium,Salaried,Owned,Semi-Urban,No,Train
C0287,25-40,Low,Retired,Owned,Rural,No,Train
C0288,40-60,Medium,Salaried,Family,Semi-Urban,Yes,Train
C0289,25-40,Low,Self-Employed,Family,Urban,Yes,Train
C0290,40-60,Low,Salaried,Owned,Rural,No,Train
C0291,<25,Medium,Self-Employed,Owned,Semi-Urban,No,Train
C0292,<25,Low,Salaried,Family,Urban,No,Train
C0293,40-60,Medium,Salaried,Owned,Semi-Urban,Yes,Train
C0294,25-40,Medium,Self-Employed,Rented,Rural,Yes,Train
C0295,25-40,High,Salaried,Family,Urban,No,Train
C0296,40-60,Low,Salaried,Owned,Urban,Yes,Train
C0297,40-60,Low,Salaried,Rented,Urban,No,Train
C0298,25-40,Low,Salaried,Owned,Urban,No,Train
C0299,40-60,Medium,Salaried,Owned,Urban,No,Train
C0300,<25,Medium,Salaried,Family,Semi-Urban,Yes,Train
C0301,<25,Low,Unemployed,Rented,Urban,No,Train
C0302,40-60,High,Self-Employed,Family,Rural,Yes,Train
C0303,40-60,Low,Self-Employed,Rented,Semi-Urban,No,Train
C0304,40-60,Medium,Salaried,Owned,Semi-Urban,No,Train
C0305,40-60,Medium,Retired,Owned,Rural,No,Train
C0306,60+,High,Salaried,Owned,Urban,No,Train
C0307,40-60,Medium,Salaried,Owned,Urban,No,Train
C0308,25-40,High,Self-Employed,Owned,Semi-Urban,No,Train
C0309,40-60,Low,Salaried,Owned,Rural,No,Train
C0310,25-40,High,Salaried,Rented,Semi-Urban,No,Train
C0311,25-40,Low,Self-Employed,Rented,Urban,No,Train
C0312,<25,High,Unemployed,Rented,Rural,No,Train
C0313,<25,Medium,Self-Employed,Rented,Urban,No,Train
C0314,60+,High,Unemployed,Owned,Rural,No,Train
C0315,40-60,Medium,Retired,Owned,Rural,No,Train
C0316,40-60,Medium,Salaried,Rented,Urban,No,Train
C0317,25-40,Medium,Salaried,Rented,Semi-Urban,No,Train
C0318,25-40,Medium,Salaried,Owned,Urban,No,Train
C0319,25-40,Low,Salaried,Family,Urban,Yes,Train
C0320,25-40,Low,Salaried,Rented,Semi-Urban,No,Train
C0321,40-60,Low,Retired,Rented,Semi-Urban,No,Train
C0322,40-60,Low,Unemployed,Owned,Rural,No,Train
C0323,40-60,High,Self-Employed,Rented,Semi-Urban,No,Train
C0324,25-40,Low,Salaried,Rented,Urban,No,Train
C0325,60+,High,Unemployed,Rented,Rural,Yes,Train
C0326,40-60,Low,Retired,Rented,Rural,No,Train
C0327,40-60,Low,Unemployed,Family,Urban,Yes,Train
C0328,40-60,Medium,Salaried,Rented,Rural,No,Train
C0329,25-40,Medium,Self-Employed,Owned,Urban,No,Train
C0330,25-40,Medium,Salaried,Rented,Rural,No,Train
C0331,25-40,Medium,Salaried,Rented,Urban,No,Train
C0332,40-60,Medium,Salaried,Rented,Urban,No,Train
C0333,<25,Low,Self-Employed,Owned,Urban,Yes,Train
C0334,25-40,High,Self-Employed,Owned,Semi-Urban,No,Train
C0335,<25,High,Salaried,Family,Urban,No,Train
C0336,<25,Medium,Salaried,Rented,Urban,No,Train
C0337,60+,Low,Self-Employed,Family,Semi-Urban,No,Train
C0338,40-60,Medium,Salaried,Rented,Rural,No,Train
C0339,25-40,Low,Salaried,Rented,Urban,No,Train
C0340,<25,Low,Salaried,Rented,Urban,Yes,Train
C0341,25-40,Low,Unemployed,Family,Urban,No,Train
C0342,25-40,Medium,Salaried,Rented,Urban,No,Train
C0343,25-40,High,Salaried,Rented,Rural,Yes,Train
C0344,25-40,Medium,Salaried,Owned,Rural,No,Train
C0345,25-40,Medium,Retired,Rented,Semi-Urban,No,Train
C0346,40-60,Medium,Self-Employed,Rented,Urban,No,Train
C0347,40-60,Low,Self-Employed,Owned,Semi-Urban,Yes,Train
C0348,<25,Medium,Salaried,Owned,Semi-Urban,No,Train
C0349,25-40,High,Self-Employed,Owned,Rural,No,Train
C0350,40-60,Low,Salaried,Owned,Semi-Urban,No,Train
C0351,40-60,High,Self-Employed,Owned,Semi-Urban,No,Train
C0352,60+,Medium,Retired,Rented,Semi-Urban,No,Train
C0353,40-60,Medium,Self-Employed,Family,Urban,No,Train
C0354,25-40,Medium,Unemployed,Rented,Rural,No,Train
C0355,<25,Medium,Unemployed,Owned,Semi-Urban,No,Train
C0356,40-60,High,Salaried,Owned,Semi-Urban,No,Train
C0357,<25,High,Retired,Rented,Urban,No,Train
C0358,40-60,Medium,Salaried,Owned,Semi-Urban,No,Train
C0359,60+,Low,Self-Employed,Family,Semi-Urban,No,Train
C0360,40-60,Medium,Salaried,Rented,Urban,No,Train
C0361,25-40,High,Salaried,Rented,Urban,No,Train
C0362,40-60,Low,Salaried,Owned,Semi-Urban,No,Train
C0363,25-40,Medium,Salaried,Rented,Semi-Urban,No,Train
C0364,40-60,Medium,Self-Employed,Owned,Semi-Urban,No,Train
C0365,60+,Medium,Self-Employed,Family,Urban,No,Train
C0366,25-40,Low,Salaried,Rented,Semi-Urban,No,Train
C0367,60+,Medium,Salaried,Owned,Urban,No,Train
C0368,60+,High,Self-Employed,Owned,Urban,No,Train
C0369,25-40,Low,Salaried,Owned,Urban,No,Train
C0370,<25,Low,Unemployed,Rented,Urban,No,Train
C0371,25-40,High,Self-Employed,Owned,Urban,No,Train
C0372,<25,Low,Unemployed,Rented,Urban,No,Train
C0373,<25,High,Self-Employed,Owned,Urban,No,Train
C0374,40-60,Medium,Salaried,Rented,Urban,No,Train
C0375,<25,Low,Self-Employed,Family,Semi-Urban,No,Train
C0376,25-40,High,Salaried,Rented,Urban,No,Train
C0377,40-60,Medium,Salaried,Rented,Urban,No,Train
C0378,<25,Medium,Unemployed,Owned,Rural,No,Train
C0379,40-60,Medium,Salaried,Owned,Urban,No,Train
C0380,25-40,Medium,Unemployed,Rented,Semi-Urban,No,Train
C0381,25-40,Low,Unemployed,Owned,Urban,No,Train
C0382,40-60,Medium,Unemployed,Rented,Urban,No,Train
C0383,40-60,High,Retired,Owned,Semi-Urban,No,Train
C0384,60+,Low,Salaried,Owned,Semi-Urban,Yes,Train
C0385,40-60,Medium,Salaried,Owned,Rural,No,Train
C0386,40-60,Low,Self-Employed,Family,Semi-Urban,No,Train
C0387,25-40,Medium,Salaried,Owned,Rural,No,Train
C0388,25-40,Low,Self-Employed,Rented,Urban,No,Train
C0389,40-60,High,Unemployed,Owned,Urban,No,Train
C0390,40-60,Medium,Self-Employed,Rented,Urban,No,Train
C0391,60+,Low,Salaried,Owned,Urban,Yes,Train
C0392,25-40,Low,Salaried,Family,Semi-Urban,No,Train
C0393,25-40,Low,Salaried,Family,Semi-Urban,No,Train
C0394,40-60,Medium,Salaried,Owned,Urban,No,Train
C0395,25-40,Low,Unemployed,Family,Rural,No,Train
C0396,60+,High,Salaried,Family,Rural,No,Train
C0397,60+,Medium,Salaried,Family,Urban,Yes,Train
C0398,25-40,Low,Salaried,Family,Urban,No,Train
C0399,40-60,Medium,Self-Employed,Owned,Urban,No,Train
C0400,40-60,Medium,Self-Employed,Rented,Urban,No,Train
C0401,25-40,Low,Salaried,Owned,Urban,No,Train
C0402,60+,Low,Salaried,Owned,Semi-Urban,No,Train
C0403,40-60,Low,Salaried,Family,Urban,No,Train
C0404,40-60,Medium,Salaried,Owned,Urban,No,Train
C0405,25-40,Medium,Self-Employed,Rented,Rural,No,Train
C0406,60+,Medium,Self-Employed,Family,Semi-Urban,No,Train
C0407,25-40,High,Salaried,Family,Rural,No,Train
C0408,<25,High,Salaried,Family,Urban,No,Train
C0409,60+,Medium,Retired,Owned,Urban,No,Train
C0410,<25,High,Self-Employed,Owned,Semi-Urban,No,Train
C0411,25-40,Low,Self-Employed,Rented,Urban,No,Train
C0412,60+,Low,Salaried,Owned,Urban,No,Train
C0413,60+,Low,Self-Employed,Owned,Semi-Urban,No,Train
C0414,40-60,Low,Salaried,Owned,Semi-Urban,Yes,Train
C0415,40-60,Medium,Self-Employed,Rented,Urban,Yes,Train
C0416,25-40,High,Retired,Rented,Urban,No,Train
C0417,25-40,Low,Salaried,Owned,Urban,No,Train
C0418,25-40,Low,Salaried,Rented,Urban,No,Train
C0419,40-60,Medium,Salaried,Owned,Urban,No,Train
C0420,40-60,High,Salaried,Owned,Urban,No,Train
C0421,40-60,Low,Salaried,Rented,Urban,No,Train
C0422,40-60,Medium,Salaried,Rented,Rural,No,Train
C0423,<25,Low,Unemployed,Rented,Semi-Urban,No,Train
C0424,25-40,Low,Self-Employed,Owned,Semi-Urban,No,Train
C0425,<25,High,Salaried,Family,Urban,No,Train
C0426,40-60,High,Retired,Rented,Urban,No,Train
C0427,25-40,Low,Salaried,Rented,Urban,No,Train
C0428,60+,High,Retired,Rented,Urban,No,Train
C0429,25-40,Medium,Salaried,Family,Urban,No,Train
C0430,25-40,High,Unemployed,Rented,Semi-Urban,No,Train
C0431,25-40,Medium,Self-Employed,Rented,Semi-Urban,No,Train
C0432,40-60,Medium,Unemployed,Family,Semi-Urban,Yes,Train
C0433,40-60,Medium,Retired,Rented,Urban,No,Train
C0434,25-40,Medium,Salaried,Rented,Rural,Yes,Train
C0435,<25,Low,Retired,Rented,Urban,No,Train
C0436,40-60,Low,Salaried,Owned,Urban,No,Train
C0437,<25,Low,Salaried,Owned,Urban,No,Train
C0438,40-60,Medium,Salaried,Rented,Semi-Urban,No,Train
C0439,40-60,Low,Self-Employed,Family,Rural,Yes,Train
C0440,<25,Medium,Salaried,Family,Urban,No,Train
C0441,<25,High,Self-Employed,Owned,Rural,No,Train
C0442,60+,Low,Self-Employed,Rented,Rural,No,Train
C0443,25-40,Medium,Unemployed,Owned,Urban,Yes,Train
C0444,25-40,Medium,Unemployed,Family,Urban,No,Train
C0445,40-60,High,Salaried,Family,Urban,Yes,Train
C0446,60+,Low,Salaried,Rented,Rural,No,Train
C0447,60+,Medium,Salaried,Family,Urban,No,Train
C0448,40-60,High,Salaried,Rented,Semi-Urban,No,Train
C0449,25-40,High,Salaried,Rented,Urban,No,Train
C0450,<25,Medium,Salaried,Owned,Semi-Urban,Yes,Train
C0451,40-60,Medium,Salaried,Rented,Urban,No,Train
C0452,40-60,Medium,Retired,Rented,Semi-Urban,No,Train
C0453,25-40,High,Self-Employed,Rented,Rural,No,Train
C0454,60+,Medium,Salaried,Owned,Rural,No,Train
C0455,25-40,Low,Self-Employed,Family,Rural,No,Train
C0456,25-40,High,Salaried,Owned,Urban,No,Train
C0457,<25,Medium,Salaried,Rented,Semi-Urban,No,Train
C0458,25-40,Medium,Self-Employed,Rented,Urban,No,Train
C0459,<25,Low,Self-Employed,Rented,Urban,No,Train
C0460,25-40,Medium,Salaried,Rented,Semi-Urban,No,Train
C0461,25-40,Medium,Retired,Owned,Urban,No,Train
C0462,40-60,Medium,Unemployed,Owned,Semi-Urban,No,Train
C0463,40-60,Low,Self-Employed,Rented,Rural,Yes,Train
C0464,40-60,Medium,Self-Employed,Rented,Urban,No,Train
C0465,60+,High,Self-Employed,Owned,Semi-Urban,No,Train
C0466,25-40,Low,Salaried,Rented,Urban,No,Train
C0467,25-40,High,Salaried,Rented,Urban,No,Train
C0468,60+,Medium,Salaried,Rented,Urban,No,Train
C0469,25-40,High,Self-Employed,Family,Rural,No,Train
C0470,60+,Medium,Self-Employed,Owned,Rural,No,Train
C0471,<25,Medium,Salaried,Owned,Rural,No,Train
C0472,60+,Medium,Retired,Rented,Rural,No,Train
C0473,<25,High,Retired,Rented,Urban,Yes,Train
C0474,60+,Medium,Unemployed,Rented,Urban,No,Train
C0475,40-60,Low,Self-Employed,Family,Semi-Urban,Yes,Train
C0476,60+,Medium,Unemployed,Family,Urban,No,Train
C0477,<25,High,Salaried,Family,Urban,No,Train
C0478,40-60,Medium,Unemployed,Rented,Urban,No,Train
C0479,60+,Medium,Salaried,Rented,Semi-Urban,No,Train
C0480,40-60,Medium,Unemployed,Rented,Semi-Urban,No,Train
C0481,40-60,High,Salaried,Owned,Urban,No,Train
C0482,40-60,Low,Unemployed,Rented,Urban,No,Train
C0483,25-40,Medium,Retired,Owned,Semi-Urban,No,Train
C0484,40-60,Low,Salaried,Family,Semi-Urban,No,Train
C0485,40-60,Low,Self-Employed,Rented,Urban,No,Train
C0486,60+,Medium,Retired,Rented,Semi-Urban,No,Train
C0487,<25,Medium,Self-Employed,Owned,Urban,No,Train
C0488,25-40,Medium,Unemployed,Owned,Urban,No,Train
C0489,60+,Medium,Self-Employed,Owned,Semi-Urban,No,Train
C0490,60+,Medium,Salaried,Rented,Semi-Urban,No,Train
C0491,25-40,Low,Salaried,Owned,Urban,No,Train
C0492,40-60,Medium,Salaried,Rented,Semi-Urban,No,Train
C0493,25-40,Low,Unemployed,Family,Semi-Urban,No,Train
C0494,25-40,Low,Salaried,Family,Semi-Urban,No,Train
C0495,25-40,Medium,Self-Employed,Rented,Semi-Urban,No,Train
C0496,25-40,Medium,Self-Employed,Owned,Semi-Urban,No,Train
C0497,40-60,Medium,Self-Employed,Family,Urban,No,Train
C0498,<25,Medium,Unemployed,Family,Urban,No,Train
C0499,60+,Medium,Retired,Owned,Urban,No,Train
C0500,60+,High,Salaried,Rented,Urban,No,Train
C0501,40-60,Medium,Unemployed,Owned,Semi-Urban,No,Train
C0502,40-60,Medium,Unemployed,Family,Semi-Urban,Yes,Train
C0503,25-40,Low,Self-Employed,Family,Urban,No,Train
C0504,40-60,Low,Retired,Owned,Urban,No,Train
C0505,40-60,Medium,Salaried,Family,Urban,No,Train
C0506,25-40,Medium,Salaried,Rented,Urban,No,Train
C0507,60+,Medium,Unemployed,Family,Semi-Urban,No,Train
C0508,40-60,Medium,Salaried,Rented,Urban,No,Train
C0509,60+,Medium,Unemployed,Family,Semi-Urban,No,Train
C0510,40-60,Medium,Unemployed,Owned,Rural,No,Train
C0511,40-60,High,Salaried,Owned,Urban,Yes,Train
C0512,25-40,Medium,Unemployed,Owned,Urban,No,Train
C0513,60+,High,Salaried,Family,Urban,No,Train
C0514,60+,Low,Self-Employed,Family,Semi-Urban,No,Train
C0515,<25,Low,Self-Employed,Family,Semi-Urban,Yes,Train
C0516,<25,Low,Retired,Family,Urban,No,Train
C0517,25-40,Medium,Salaried,Owned,Semi-Urban,No,Train
C0518,40-60,High,Self-Employed,Owned,Rural,No,Train
C0519,60+,Low,Self-Employed,Owned,Urban,Yes,Train
C0520,25-40,High,Unemployed,Owned,Urban,No,Train
C0521,40-60,Low,Self-Employed,Owned,Rural,No,Train
C0522,25-40,High,Salaried,Rented,Semi-Urban,No,Train
C0523,60+,Medium,Salaried,Owned,Rural,No,Train
C0524,40-60,Low,Salaried,Owned,Semi-Urban,No,Train
C0525,40-60,Medium,Unemployed,Owned,Rural,No,Train
C0526,25-40,Low,Salaried,Owned,Urban,Yes,Train
C0527,25-40,Low,Salaried,Family,Semi-Urban,No,Train
C0528,25-40,Low,Retired,Rented,Rural,Yes,Train
C0529,<25,High,Salaried,Family,Semi-Urban,No,Train
C0530,60+,Medium,Retired,Rented,Urban,No,Train
C0531,40-60,Low,Self-Employed,Owned,Urban,No,Train
C0532,60+,Medium,Unemployed,Rented,Urban,Yes,Train
C0533,60+,Medium,Salaried,Owned,Urban,No,Train
C0534,40-60,Low,Salaried,Owned,Urban,No,Train
C0535,40-60,Medium,Unemployed,Owned,Semi-Urban,No,Train
C0536,60+,Low,Unemployed,Owned,Semi-Urban,Yes,Train
C0537,40-60,Low,Unemployed,Owned,Urban,Yes,Train
C0538,25-40,Medium,Salaried,Owned,Semi-Urban,No,Train
C0539,25-40,Low,Unemployed,Rented,Urban,No,Train
C0540,25-40,Medium,Unemployed,Owned,Urban,No,Train
C0541,60+,Medium,Self-Employed,Owned,Urban,Yes,Train
C0542,40-60,Low,Unemployed,Family,Semi-Urban,No,Train
C0543,25-40,Medium,Unemployed,Owned,Urban,No,Train
C0544,40-60,Low,Self-Employed,Owned,Urban,No,Train
C0545,40-60,High,Salaried,Family,Urban,No,Train
C0546,25-40,Medium,Self-Employed,Owned,Rural,Yes,Train
C0547,25-40,High,Salaried,Owned,Urban,Yes,Train
C0548,40-60,Medium,Salaried,Rented,Semi-Urban,Yes,Train
C0549,40-60,Low,Salaried,Owned,Semi-Urban,No,Train
C0550,40-60,Medium,Salaried,Rented,Semi-Urban,Yes,Train
C0551,40-60,High,Salaried,Family,Rural,No,Train
C0552,60+,Medium,Salaried,Owned,Urban,No,Train
C0553,40-60,High,Unemployed,Rented,Urban,No,Train
C0554,40-60,High,Retired,Rented,Rural,No,Train
C0555,60+,Low,Salaried,Owned,Urban,No,Train
C0556,25-40,Low,Retired,Rented,Semi-Urban,No,Train
C0557,25-40,Medium,Self-Employed,Owned,Semi-Urban,Yes,Train
C0558,<25,Medium,Salaried,Rented,Semi-Urban,No,Train
C0559,40-60,High,Salaried,Owned,Rural,No,Train
C0560,40-60,High,Self-Employed,Rented,Rural,No,Train
C0561,40-60,Medium,Unemployed,Owned,Semi-Urban,No,Train
C0562,25-40,Low,Unemployed,Family,Urban,No,Train
C0563,25-40,Medium,Salaried,Owned,Rural,No,Train
C0564,<25,Low,Salaried,Rented,Urban,No,Train
C0565,25-40,High,Salaried,Rented,Urban,No,Train
C0566,40-60,Medium,Salaried,Rented,Rural,Yes,Train
C0567,25-40,Medium,Salaried,Rented,Urban,No,Train
C0568,25-40,Low,Salaried,Rented,Urban,No,Train
C0569,60+,Medium,Unemployed,Rented,Urban,No,Train
C0570,25-40,Medium,Retired,Family,Rural,No,Train
C0571,40-60,Medium,Salaried,Owned,Semi-Urban,No,Train
C0572,40-60,Low,Retired,Rented,Semi-Urban,Yes,Train
C0573,25-40,Medium,Salaried,Family,Urban,No,Train
C0574,40-60,High,Self-Employed,Family,Semi-Urban,No,Train
C0575,60+,Low,Salaried,Family,Semi-Urban,No,Train
C0576,60+,Low,Self-Employed,Owned,Urban,Yes,Train
C0577,25-40,Low,Retired,Owned,Urban,No,Train
C0578,60+,Medium,Self-Employed,Rented,Urban,No,Train
C0579,25-40,Medium,Salaried,Rented,Rural,No,Train
C0580,25-40,Medium,Self-Employed,Rented,Semi-Urban,No,Train
C0581,25-40,Low,Salaried,Rented,Rural,Yes,Train
C0582,60+,Medium,Unemployed,Family,Urban,No,Train
C0583,25-40,Medium,Self-Employed,Owned,Semi-Urban,No,Train
C0584,25-40,Medium,Salaried,Family,Semi-Urban,No,Train
C0585,40-60,High,Self-Employed,Rented,Semi-Urban,No,Train
C0586,25-40,Low,Self-Employed,Owned,Rural,Yes,Train
C0587,<25,Medium,Salaried,Rented,Urban,No,Train
C0588,25-40,Medium,Self-Employed,Rented,Urban,No,Train
C0589,25-40,Medium,Salaried,Owned,Semi-Urban,No,Train
C0590,25-40,Medium,Unemployed,Owned,Semi-Urban,No,Train
C0591,25-40,Medium,Unemployed,Family,Semi-Urban,No,Train
C0592,40-60,High,Unemployed,Owned,Urban,No,Train
C0593,25-40,Low,Self-Employed,Rented,Semi-Urban,Yes,Train
C0594,25-40,Low,Self-Employed,Rented,Urban,No,Train
C0595,60+,Medium,Salaried,Rented,Urban,No,Train
C0596,25-40,Medium,Unemployed,Rented,Semi-Urban,No,Train
C0597,40-60,Low,Salaried,Owned,Semi-Urban,No,Train
C0598,25-40,Low,Self-Employed,Rented,Urban,No,Train
C0599,25-40,Low,Salaried,Owned,Urban,No,Train
C0600,<25,High,Salaried,Rented,Urban,No,Train
C0601,25-40,Low,Self-Employed,Owned,Urban,No,Train
C0602,25-40,Low,Salaried,Rented,Semi-Urban,No,Train
C0603,25-40,Low,Unemployed,Owned,Rural,Yes,Train
C0604,<25,Medium,Salaried,Owned,Urban,No,Train
C0605,25-40,Low,Salaried,Owned,Semi-Urban,Yes,Train
C0606,25-40,Medium,Self-Employed,Owned,Rural,No,Train
C0607,25-40,Low,Salaried,Family,Rural,No,Train
C0608,25-40,High,Salaried,Owned,Urban,No,Train
C0609,40-60,Low,Unemployed,Family,Rural,No,Train
C0610,40-60,Medium,Salaried,Family,Urban,No,Train
C0611,<25,High,Unemployed,Rented,Urban,Yes,Train
C0612,40-60,Medium,Salaried,Owned,Urban,No,Train
C0613,40-60,Medium,Salaried,Owned,Urban,No,Train
C0614,<25,Low,Unemployed,Rented,Urban,No,Train
C0615,60+,Low,Salaried,Owned,Urban,No,Train
C0616,60+,Medium,Salaried,Owned,Urban,No,Train
C0617,<25,High,Salaried,Rented,Rural,No,Train
C0618,25-40,Medium,Salaried,Family,Rural,No,Train
C0619,40-60,Medium,Unemployed,Rented,Urban,No,Train
C0620,40-60,Medium,Salaried,Owned,Rural,No,Train
C0621,25-40,Medium,Unemployed,Rented,Rural,Yes,Train
C0622,25-40,Low,Unemployed,Owned,Semi-Urban,No,Train
C0623,25-40,Medium,Salaried,Owned,Urban,No,Train
C0624,25-40,High,Retired,Family,Semi-Urban,No,Train
C0625,40-60,Low,Salaried,Owned,Rural,Yes,Train
C0626,25-40,Medium,Retired,Owned,Semi-Urban,No,Train
C0627,25-40,Low,Salaried,Owned,Urban,No,Train
C0628,40-60,Medium,Self-Employed,Family,Semi-Urban,No,Train
C0629,<25,Low,Self-Employed,Rented,Semi-Urban,No,Train
C0630,25-40,Medium,Salaried,Rented,Semi-Urban,Yes,Train
C0631,40-60,Medium,Self-Employed,Rented,Urban,No,Train
C0632,60+,Low,Unemployed,Owned,Urban,No,Train
C0633,40-60,Medium,Salaried,Rented,Rural,No,Train
C0634,40-60,Medium,Salaried,Owned,Rural,No,Train
C0635,25-40,High,Unemployed,Owned,Urban,No,Train
C0636,25-40,Low,Self-Employed,Rented,Rural,Yes,Train
C0637,40-60,Medium,Retired,Family,Urban,No,Train
C0638,25-40,Low,Unemployed,Owned,Semi-Urban,No,Train
C0639,25-40,High,Retired,Owned,Semi-Urban,Yes,Train
C0640,25-40,High,Unemployed,Owned,Rural,Yes,Train
C0641,<25,Medium,Salaried,Owned,Rural,No,Train
C0642,25-40,High,Salaried,Family,Urban,No,Train
C0643,25-40,Medium,Unemployed,Rented,Rural,No,Train
C0644,25-40,Medium,Self-Employed,Rented,Urban,No,Train
C0645,25-40,Low,Salaried,Rented,Semi-Urban,No,Train
C0646,60+,Medium,Salaried,Owned,Semi-Urban,No,Train
C0647,40-60,Low,Retired,Rented,Semi-Urban,Yes,Train
C0648,40-60,High,Self-Employed,Rented,Urban,No,Train
C0649,40-60,Medium,Salaried,Rented,Rural,No,Train
C0650,25-40,Medium,Self-Employed,Family,Urban,No,Train
C0651,<25,Low,Salaried,Rented,Urban,No,Train
C0652,40-60,Low,Salaried,Owned,Semi-Urban,No,Train
C0653,40-60,Low,Salaried,Family,Urban,No,Train
C0654,40-60,Medium,Salaried,Owned,Rural,No,Train
C0655,25-40,Low,Unemployed,Owned,Urban,Yes,Train
C0656,25-40,High,Salaried,Owned,Urban,Yes,Train
C0657,25-40,Medium,Unemployed,Owned,Rural,No,Train
C0658,25-40,Low,Unemployed,Rented,Semi-Urban,No,Train
C0659,40-60,Medium,Salaried,Rented,Urban,No,Train
C0660,40-60,Medium,Self-Employed,Family,Semi-Urban,No,Train
C0661,25-40,Medium,Self-Employed,Rented,Semi-Urban,No,Train
C0662,60+,Medium,Unemployed,Rented,Semi-Urban,Yes,Train
C0663,40-60,High,Salaried,Owned,Urban,No,Train
C0664,25-40,Medium,Self-Employed,Owned,Rural,No,Train
C0665,25-40,High,Self-Employed,Rented,Rural,No,Train
C0666,25-40,High,Salaried,Rented,Semi-Urban,No,Train
C0667,25-40,Low,Salaried,Family,Urban,No,Train
C0668,25-40,High,Self-Employed,Owned,Rural,No,Train
C0669,25-40,Low,Unemployed,Owned,Semi-Urban,Yes,Train
C0670,25-40,High,Salaried,Rented,Semi-Urban,No,Train
C0671,25-40,Medium,Self-Employed,Owned,Urban,No,Train
C0672,60+,High,Salaried,Owned,Rural,No,Train
C0673,<25,High,Unemployed,Rented,Semi-Urban,No,Train
C0674,40-60,High,Salaried,Owned,Urban,No,Train
C0675,25-40,Medium,Unemployed,Rented,Urban,No,Train
C0676,60+,Low,Salaried,Owned,Rural,Yes,Train
C0677,25-40,Low,Salaried,Owned,Urban,No,Train
C0678,25-40,Medium,Salaried,Owned,Rural,No,Train
C0679,60+,Low,Salaried,Family,Semi-Urban,No,Train
C0680,60+,Medium,Self-Employed,Owned,Semi-Urban,No,Train
C0681,40-60,Low,Salaried,Rented,Urban,No,Train
C0682,25-40,High,Unemployed,Owned,Urban,No,Train
C0683,25-40,Medium,Salaried,Rented,Rural,No,Train
C0684,40-60,High,Salaried,Owned,Urban,No,Train
C0685,60+,Low,Salaried,Rented,Semi-Urban,Yes,Train
C0686,40-60,High,Salaried,Rented,Urban,No,Train
C0687,40-60,High,Salaried,Family,Urban,No,Train
C0688,25-40,Medium,Salaried,Owned,Urban,No,Train
C0689,40-60,Medium,Self-Employed,Owned,Semi-Urban,Yes,Train
C0690,25-40,Medium,Salaried,Owned,Rural,No,Train
C0691,25-40,Low,Self-Employed,Family,Urban,No,Train
C0692,25-40,Medium,Self-Employed,Rented,Urban,No,Train
C0693,40-60,Medium,Salaried,Rented,Urban,No,Train
C0694,25-40,Low,Self-Employed,Owned,Semi-Urban,No,Train
C0695,25-40,Medium,Retired,Owned,Urban,No,Train
C0696,40-60,Low,Self-Employed,Owned,Rural,No,Train
C0697,25-40,Low,Self-Employed,Family,Semi-Urban,No,Train
C0698,40-60,Low,Salaried,Rented,Semi-Urban,No,Train
C0699,25-40,High,Unemployed,Family,Urban,No,Train
C0700,25-40,Medium,Unemployed,Owned,Rural,No,Train
C0701,40-60,High,Self-Employed,Rented,Urban,No,Train
C0702,<25,Medium,Retired,Rented,Urban,No,Train
C0703,25-40,Low,Salaried,Owned,Semi-Urban,No,Train
C0704,25-40,Medium,Salaried,Family,Semi-Urban,No,Train
C0705,<25,Medium,Unemployed,Family,Urban,No,Train
C0706,60+,Low,Unemployed,Family,Urban,No,Train
C0707,25-40,Medium,Salaried,Rented,Semi-Urban,No,Train
C0708,40-60,Low,Salaried,Owned,Urban,Yes,Train
C0709,25-40,Medium,Salaried,Owned,Rural,No,Train
C0710,40-60,Medium,Salaried,Family,Semi-Urban,No,Train
C0711,40-60,Low,Unemployed,Owned,Urban,No,Train
C0712,40-60,Low,Self-Employed,Rented,Urban,No,Train
C0713,25-40,Medium,Salaried,Rented,Urban,No,Train
C0714,25-40,Medium,Salaried,Rented,Semi-Urban,No,Train
C0715,25-40,Low,Salaried,Family,Semi-Urban,No,Train
C0716,60+,High,Salaried,Owned,Urban,No,Train
C0717,40-60,Low,Self-Employed,Owned,Semi-Urban,No,Train
C0718,60+,Medium,Retired,Owned,Rural,No,Train
C0719,25-40,High,Unemployed,Rented,Urban,Yes,Train
C0720,40-60,Low,Salaried,Owned,Rural,Yes,Train
C0721,60+,Low,Unemployed,Owned,Urban,Yes,Train
C0722,25-40,Low,Unemployed,Family,Urban,No,Train
C0723,<25,Low,Unemployed,Family,Urban,No,Train
C0724,40-60,Low,Self-Employed,Owned,Urban,Yes,Train
C0725,40-60,Medium,Salaried,Owned,Urban,Yes,Train
C0726,40-60,Low,Salaried,Family,Urban,No,Train
C0727,25-40,Medium,Salaried,Owned,Rural,No,Train
C0728,40-60,High,Salaried,Owned,Rural,Yes,Train
C0729,25-40,High,Salaried,Owned,Semi-Urban,No,Train
C0730,25-40,Medium,Self-Employed,Rented,Urban,No,Train
C0731,25-40,Low,Unemployed,Owned,Urban,No,Train
C0732,40-60,Medium,Self-Employed,Family,Urban,No,Train
C0733,40-60,Medium,Salaried,Rented,Semi-Urban,No,Train
C0734,40-60,Medium,Retired,Rented,Rural,No,Train
C0735,25-40,Low,Retired,Owned,Urban,No,Train
C0736,60+,High,Unemployed,Rented,Urban,No,Train
C0737,25-40,Medium,Retired,Rented,Semi-Urban,No,Train
C0738,40-60,Low,Self-Employed,Rented,Urban,No,Train
C0739,25-40,Medium,Retired,Rented,Urban,Yes,Train
C0740,25-40,Medium,Salaried,Rented,Semi-Urban,No,Train
C0741,25-40,High,Salaried,Family,Semi-Urban,No,Train
C0742,25-40,Medium,Salaried,Family,Urban,No,Train
C0743,40-60,Medium,Salaried,Rented,Urban,No,Train
C0744,40-60,Low,Salaried,Owned,Rural,No,Train
C0745,25-40,Medium,Self-Employed,Owned,Urban,No,Train
C0746,60+,Medium,Unemployed,Owned,Urban,No,Train
C0747,25-40,Low,Self-Employed,Rented,Urban,No,Train
C0748,40-60,Low,Salaried,Rented,Urban,No,Train
C0749,60+,Medium,Unemployed,Rented,Urban,No,Train
C0750,40-60,Low,Self-Employed,Family,Rural,No,Train
C0751,25-40,Medium,Salaried,Family,Urban,No,Train
C0752,60+,Low,Self-Employed,Family,Urban,No,Train
C0753,40-60,Low,Salaried,Owned,Semi-Urban,Yes,Train
C0754,25-40,Low,Salaried,Rented,Semi-Urban,No,Train
C0755,25-40,High,Retired,Owned,Rural,No,Train
C0756,40-60,High,Salaried,Owned,Rural,No,Train
C0757,40-60,High,Self-Employed,Owned,Urban,No,Train
C0758,40-60,Medium,Unemployed,Owned,Semi-Urban,No,Train
C0759,60+,Low,Unemployed,Rented,Urban,No,Train
C0760,40-60,Medium,Salaried,Family,Rural,No,Train
C0761,25-40,Medium,Salaried,Owned,Urban,No,Train
C0762,25-40,High,Salaried,Rented,Rural,No,Train
C0763,25-40,Low,Self-Employed,Rented,Semi-Urban,No,Train
C0764,40-60,Medium,Salaried,Owned,Urban,No,Train
C0765,<25,Low,Salaried,Rented,Semi-Urban,No,Train
C0766,40-60,Low,Retired,Owned,Rural,No,Train
C0767,40-60,Medium,Self-Employed,Rented,Rural,No,Train
C0768,60+,Medium,Salaried,Rented,Urban,Yes,Train
C0769,25-40,Medium,Self-Employed,Owned,Semi-Urban,No,Train
C0770,40-60,Medium,Self-Employed,Owned,Urban,No,Train
C0771,25-40,Medium,Salaried,Rented,Urban,No,Train
C0772,40-60,Medium,Salaried,Family,Urban,No,Train
C0773,25-40,High,Unemployed,Owned,Urban,No,Train
C0774,25-40,High,Self-Employed,Rented,Rural,No,Train
C0775,40-60,Medium,Self-Employed,Rented,Urban,Yes,Train
C0776,25-40,Low,Salaried,Family,Rural,No,Train
C0777,25-40,Medium,Salaried,Family,Urban,No,Train
C0778,40-60,Medium,Salaried,Rented,Urban,Yes,Train
C0779,40-60,Low,Salaried,Rented,Urban,No,Train
C0780,40-60,High,Salaried,Family,Urban,No,Train
C0781,40-60,Low,Salaried,Owned,Urban,No,Train
C0782,40-60,High,Unemployed,Owned,Urban,No,Train
C0783,25-40,Medium,Retired,Owned,Semi-Urban,No,Train
C0784,25-40,Medium,Unemployed,Family,Urban,Yes,Train
C0785,25-40,Medium,Unemployed,Family,Urban,Yes,Train
C0786,60+,High,Salaried,Owned,Urban,No,Train
C0787,40-60,Medium,Retired,Rented,Rural,No,Train
C0788,25-40,Medium,Salaried,Rented,Rural,No,Train
C0789,25-40,Low,Retired,Owned,Urban,No,Train
C0790,60+,Medium,Retired,Family,Urban,No,Train
C0791,25-40,Low,Unemployed,Owned,Urban,No,Train
C0792,40-60,Medium,Retired,Owned,Rural,No,Train
C0793,40-60,Medium,Self-Employed,Rented,Urban,No,Train
C0794,40-60,Medium,Salaried,Rented,Urban,No,Train
C0795,<25,Low,Salaried,Owned,Urban,No,Train
C0796,60+,Low,Self-Employed,Rented,Urban,No,Train
C0797,60+,Medium,Salaried,Rented,Urban,Yes,Train
C0798,40-60,Low,Self-Employed,Owned,Semi-Urban,No,Train
C0799,40-60,Low,Retired,Owned,Urban,No,Train
C0800,60+,Low,Salaried,Rented,Semi-Urban,No,Train
C0801,40-60,High,Unemployed,Owned,Urban,No,Test
C0802,25-40,Medium,Retired,Family,Urban,Yes,Test
C0803,40-60,Medium,Retired,Family,Rural,No,Test
C0804,40-60,Low,Retired,Family,Urban,No,Test
C0805,25-40,Low,Self-Employed,Owned,Rural,No,Test
C0806,40-60,Medium,Retired,Family,Semi-Urban,Yes,Test
C0807,60+,Medium,Unemployed,Rented,Urban,No,Test
C0808,60+,Low,Salaried,Owned,Rural,No,Test
C0809,25-40,Low,Self-Employed,Owned,Urban,No,Test
C0810,25-40,Low,Unemployed,Owned,Rural,No,Test
C0811,60+,Medium,Salaried,Rented,Urban,No,Test
C0812,40-60,Medium,Self-Employed,Rented,Rural,No,Test
C0813,25-40,Low,Self-Employed,Owned,Urban,No,Test
C0814,60+,Low,Salaried,Rented,Semi-Urban,No,Test
C0815,60+,Low,Self-Employed,Owned,Semi-Urban,Yes,Test
C0816,40-60,High,Unemployed,Rented,Rural,Yes,Test
C0817,40-60,Low,Self-Employed,Owned,Rural,Yes,Test
C0818,25-40,Medium,Salaried,Family,Rural,No,Test
C0819,<25,Medium,Salaried,Family,Rural,No,Test
C0820,25-40,Medium,Salaried,Rented,Urban,No,Test
C0821,40-60,Low,Retired,Owned,Urban,No,Test
C0822,<25,Low,Salaried,Owned,Urban,No,Test
C0823,25-40,Medium,Self-Employed,Family,Urban,No,Test
C0824,25-40,Medium,Salaried,Owned,Urban,No,Test
C0825,40-60,Medium,Salaried,Owned,Semi-Urban,No,Test
C0826,60+,Medium,Unemployed,Owned,Urban,No,Test
C0827,25-40,Low,Unemployed,Rented,Semi-Urban,No,Test
C0828,25-40,High,Salaried,Rented,Urban,Yes,Test
C0829,40-60,Medium,Salaried,Family,Urban,No,Test
C0830,25-40,Low,Salaried,Owned,Semi-Urban,No,Test
C0831,25-40,High,Self-Employed,Owned,Semi-Urban,No,Test
C0832,25-40,Medium,Self-Employed,Family,Semi-Urban,No,Test
C0833,25-40,Medium,Salaried,Family,Semi-Urban,No,Test
C0834,25-40,Medium,Salaried,Owned,Urban,No,Test
C0835,25-40,High,Salaried,Rented,Semi-Urban,No,Test
C0836,25-40,Medium,Retired,Owned,Urban,No,Test
C0837,60+,Low,Retired,Family,Urban,No,Test
C0838,25-40,Low,Salaried,Owned,Urban,No,Test
C0839,40-60,High,Unemployed,Family,Urban,No,Test
C0840,40-60,Low,Salaried,Rented,Urban,No,Test
C0841,<25,Medium,Salaried,Rented,Rural,No,Test
C0842,40-60,Medium,Unemployed,Owned,Rural,Yes,Test
C0843,25-40,Medium,Retired,Rented,Urban,Yes,Test
C0844,60+,Medium,Retired,Rented,Urban,Yes,Test
C0845,25-40,High,Self-Employed,Owned,Urban,No,Test
C0846,25-40,Low,Salaried,Rented,Urban,No,Test
C0847,<25,Low,Unemployed,Family,Rural,No,Test
C0848,60+,Low,Salaried,Rented,Urban,No,Test
C0849,40-60,High,Self-Employed,Rented,Semi-Urban,No,Test
C0850,40-60,Medium,Salaried,Owned,Urban,No,Test
C0851,<25,Low,Self-Employed,Rented,Rural,No,Test
C0852,40-60,High,Salaried,Owned,Urban,No,Test
C0853,25-40,High,Salaried,Rented,Semi-Urban,No,Test
C0854,60+,High,Retired,Family,Urban,No,Test
C0855,25-40,High,Salaried,Rented,Semi-Urban,No,Test
C0856,25-40,Low,Self-Employed,Owned,Urban,No,Test
C0857,<25,Medium,Salaried,Owned,Urban,Yes,Test
C0858,25-40,Medium,Salaried,Rented,Rural,Yes,Test
C0859,40-60,High,Salaried,Rented,Rural,Yes,Test
C0860,<25,Medium,Salaried,Family,Rural,No,Test
C0861,40-60,Medium,Unemployed,Family,Semi-Urban,No,Test
C0862,25-40,Medium,Salaried,Rented,Rural,No,Test
C0863,40-60,Low,Retired,Owned,Urban,Yes,Test
C0864,25-40,Medium,Self-Employed,Owned,Urban,No,Test
C0865,25-40,High,Salaried,Owned,Urban,No,Test
C0866,40-60,High,Self-Employed,Owned,Semi-Urban,No,Test
C0867,25-40,Low,Self-Employed,Rented,Urban,No,Test
C0868,25-40,Low,Unemployed,Rented,Urban,No,Test
C0869,60+,Low,Salaried,Rented,Semi-Urban,No,Test
C0870,60+,Medium,Salaried,Owned,Rural,No,Test
C0871,25-40,High,Unemployed,Owned,Urban,No,Test
C0872,25-40,Low,Retired,Owned,Urban,No,Test
C0873,40-60,Medium,Unemployed,Owned,Urban,No,Test
C0874,25-40,High,Salaried,Family,Urban,No,Test
C0875,<25,Medium,Unemployed,Owned,Urban,No,Test
C0876,25-40,Medium,Self-Employed,Rented,Semi-Urban,No,Test
C0877,40-60,Medium,Self-Employed,Owned,Semi-Urban,No,Test
C0878,40-60,Medium,Salaried,Family,Semi-Urban,No,Test
C0879,<25,Low,Self-Employed,Rented,Urban,No,Test
C0880,25-40,Medium,Salaried,Owned,Rural,No,Test
C0881,25-40,Medium,Salaried,Rented,Urban,No,Test
C0882,40-60,High,Unemployed,Rented,Urban,No,Test
C0883,<25,Medium,Salaried,Family,Rural,No,Test
C0884,25-40,Medium,Salaried,Owned,Urban,No,Test
C0885,40-60,Low,Salaried,Family,Urban,No,Test
C0886,25-40,Medium,Retired,Family,Rural,No,Test
C0887,40-60,Low,Self-Employed,Family,Urban,No,Test
C0888,25-40,Low,Salaried,Rented,Semi-Urban,No,Test
C0889,<25,Medium,Unemployed,Rented,Urban,No,Test
C0890,25-40,High,Unemployed,Rented,Semi-Urban,No,Test
C0891,40-60,Low,Salaried,Rented,Urban,No,Test
C0892,60+,Medium,Self-Employed,Rented,Urban,No,Test
C0893,40-60,High,Unemployed,Rented,Semi-Urban,No,Test
C0894,25-40,Low,Self-Employed,Rented,Urban,No,Test
C0895,40-60,Medium,Salaried,Rented,Urban,No,Test
C0896,25-40,Medium,Unemployed,Family,Urban,No,Test
C0897,25-40,Medium,Self-Employed,Owned,Urban,No,Test
C0898,60+,Low,Salaried,Family,Urban,No,Test
C0899,<25,Medium,Salaried,Rented,Urban,No,Test
C0900,<25,Medium,Salaried,Family,Rural,No,Test
C0901,25-40,Medium,Salaried,Rented,Urban,No,Test
C0902,<25,Low,Unemployed,Owned,Urban,No,Test
C0903,25-40,Medium,Salaried,Family,Urban,Yes,Test
C0904,40-60,Low,Salaried,Owned,Urban,No,Test
C0905,25-40,Medium,Self-Employed,Family,Rural,Yes,Test
C0906,60+,Low,Salaried,Rented,Urban,No,Test
C0907,40-60,High,Retired,Rented,Rural,No,Test
C0908,25-40,Medium,Salaried,Owned,Urban,No,Test
C0909,25-40,Low,Salaried,Rented,Semi-Urban,No,Test
C0910,25-40,Low,Salaried,Owned,Semi-Urban,No,Test
C0911,40-60,Low,Salaried,Owned,Rural,No,Test
C0912,25-40,High,Salaried,Owned,Semi-Urban,No,Test
C0913,40-60,High,Unemployed,Owned,Semi-Urban,No,Test
C0914,25-40,Medium,Retired,Family,Urban,No,Test
C0915,40-60,Medium,Salaried,Family,Urban,No,Test
C0916,25-40,Medium,Self-Employed,Owned,Rural,Yes,Test
C0917,25-40,High,Unemployed,Rented,Urban,No,Test
C0918,60+,Medium,Unemployed,Owned,Urban,No,Test
C0919,40-60,Medium,Salaried,Rented,Semi-Urban,No,Test
C0920,25-40,Medium,Salaried,Family,Urban,No,Test
C0921,60+,Medium,Salaried,Family,Rural,Yes,Test
C0922,25-40,Low,Unemployed,Rented,Semi-Urban,No,Test
C0923,60+,Medium,Unemployed,Rented,Semi-Urban,No,Test
C0924,40-60,Medium,Salaried,Owned,Rural,No,Test
C0925,25-40,Medium,Salaried,Family,Urban,No,Test
C0926,<25,Low,Retired,Owned,Urban,No,Test
C0927,25-40,Medium,Unemployed,Rented,Urban,No,Test
C0928,40-60,Medium,Retired,Rented,Urban,No,Test
C0929,40-60,Medium,Unemployed,Rented,Semi-Urban,No,Test
C0930,25-40,Low,Salaried,Owned,Rural,No,Test
C0931,25-40,Medium,Self-Employed,Family,Urban,Yes,Test
C0932,40-60,Medium,Self-Employed,Owned,Urban,No,Test
C0933,60+,Medium,Salaried,Rented,Rural,No,Test
C0934,40-60,Medium,Self-Employed,Owned,Urban,No,Test
C0935,25-40,Medium,Unemployed,Owned,Urban,No,Test
C0936,25-40,High,Salaried,Rented,Urban,No,Test
C0937,<25,Low,Unemployed,Rented,Rural,No,Test
C0938,60+,High,Self-Employed,Owned,Semi-Urban,No,Test
C0939,25-40,Medium,Retired,Owned,Semi-Urban,No,Test
C0940,40-60,Low,Salaried,Rented,Rural,No,Test
C0941,25-40,Low,Salaried,Rented,Urban,No,Test
C0942,40-60,Low,Self-Employed,Family,Urban,No,Test
C0943,40-60,Medium,Salaried,Owned,Rural,Yes,Test
C0944,40-60,Medium,Unemployed,Owned,Urban,No,Test
C0945,25-40,Medium,Unemployed,Owned,Semi-Urban,No,Test
C0946,<25,Medium,Salaried,Owned,Rural,No,Test
C0947,25-40,Medium,Self-Employed,Rented,Semi-Urban,No,Test
C0948,60+,Low,Self-Employed,Rented,Semi-Urban,Yes,Test
C0949,60+,Low,Salaried,Owned,Rural,No,Test
C0950,40-60,Medium,Retired,Owned,Rural,No,Test
C0951,40-60,Low,Unemployed,Owned,Urban,Yes,Test
C0952,40-60,Low,Self-Employed,Family,Urban,No,Test
C0953,25-40,Medium,Unemployed,Family,Urban,No,Test
C0954,60+,Medium,Self-Employed,Owned,Semi-Urban,No,Test
C0955,25-40,High,Retired,Owned,Urban,Yes,Test
C0956,25-40,High,Self-Employed,Family,Semi-Urban,No,Test
C0957,40-60,Medium,Unemployed,Family,Urban,No,Test
C0958,<25,Medium,Unemployed,Rented,Semi-Urban,No,Test
C0959,25-40,Medium,Salaried,Owned,Urban,No,Test
C0960,40-60,Medium,Unemployed,Owned,Semi-Urban,No,Test
C0961,<25,Low,Salaried,Rented,Semi-Urban,No,Test
C0962,40-60,Medium,Salaried,Owned,Urban,No,Test
C0963,25-40,High,Salaried,Owned,Urban,No,Test
C0964,25-40,Medium,Retired,Rented,Semi-Urban,No,Test
C0965,25-40,Medium,Unemployed,Owned,Urban,No,Test
C0966,25-40,Medium,Unemployed,Rented,Urban,No,Test
C0967,40-60,Low,Unemployed,Owned,Rural,No,Test
C0968,25-40,Medium,Self-Employed,Owned,Semi-Urban,Yes,Test
C0969,40-60,Low,Retired,Rented,Rural,No,Test
C0970,25-40,Low,Self-Employed,Owned,Urban,No,Test
C0971,40-60,Low,Salaried,Family,Urban,No,Test
C0972,60+,High,Salaried,Rented,Rural,No,Test
C0973,40-60,Low,Unemployed,Owned,Semi-Urban,No,Test
C0974,25-40,Medium,Unemployed,Rented,Semi-Urban,No,Test
C0975,<25,Low,Salaried,Owned,Urban,No,Test
C0976,25-40,High,Salaried,Family,Urban,No,Test
C0977,40-60,Low,Unemployed,Owned,Urban,Yes,Test
C0978,<25,Medium,Salaried,Rented,Urban,Yes,Test
C0979,25-40,High,Unemployed,Owned,Urban,No,Test
C0980,40-60,High,Retired,Rented,Urban,No,Test
C0981,25-40,Low,Salaried,Family,Rural,No,Test
C0982,40-60,High,Salaried,Family,Urban,Yes,Test
C0983,25-40,Medium,Unemployed,Owned,Semi-Urban,No,Test
C0984,<25,Medium,Unemployed,Owned,Rural,Yes,Test
C0985,40-60,Low,Self-Employed,Family,Semi-Urban,Yes,Test
C0986,25-40,Low,Retired,Family,Urban,Yes,Test
C0987,40-60,Medium,Salaried,Owned,Semi-Urban,No,Test
C0988,25-40,Medium,Self-Employed,Rented,Semi-Urban,No,Test
C0989,25-40,Medium,Unemployed,Owned,Semi-Urban,No,Test
C0990,40-60,Medium,Unemployed,Family,Semi-Urban,No,Test
C0991,40-60,Medium,Salaried,Owned,Rural,Yes,Test
C0992,40-60,Low,Unemployed,Owned,Semi-Urban,No,Test
C0993,25-40,Medium,Self-Employed,Rented,Urban,No,Test
C0994,40-60,Low,Salaried,Owned,Semi-Urban,No,Test
C0995,25-40,Medium,Salaried,Rented,Urban,Yes,Test
C0996,<25,Medium,Unemployed,Rented,Rural,No,Test
C0997,60+,High,Salaried,Owned,Urban,No,Test
C0998,25-40,Low,Salaried,Owned,Urban,No,Test
C0999,60+,Low,Salaried,Rented,Rural,No,Test
C1000,25-40,Low,Unemployed,Owned,Semi-Urban,Yes,Test
