offer_id,payment_started_flag,payment_completed_flag,default_stage,time_to_default_days,net_amount_collected,write_off_amount,completion_timestamp
O50001,Yes,Yes,None,0,62190,49980,2026-01-22
O50002,No,No,Early,34,0,464198,
O50003,No,No,Early,39,0,466067,
O50004,Yes,Yes,None,0,113142,81823,2026-03-01
O50005,Yes,Yes,None,0,230735,211799,2026-01-06
O50006,No,No,Early,21,0,339036,
O50007,Yes,No,Mid,49,5839,34137,
O50008,No,No,Early,20,0,39976,
O50009,Yes,No,Mid,80,60307,407026,
O50010,No,No,Early,37,0,467333,
O50011,Yes,No,Mid,52,75335,291528,
O50012,Yes,Yes,None,0,211948,154915,2026-01-04
O50013,No,No,Early,22,0,450964,
O50014,Yes,Yes,None,0,311435,139529,2026-01-30
O50015,Yes,Yes,None,0,54163,67247,2026-01-03
O50016,Yes,Yes,None,0,49409,57706,2026-02-28
O50017,Yes,No,Mid,30,54493,288072,
O50018,No,No,Early,34,0,342565,
O50019,No,No,Early,16,0,195109,
O50020,No,No,Early,23,0,465163,
O50021,Yes,Yes,None,0,27018,40048,2026-01-20
O50022,Yes,Yes,None,0,177832,200126,2026-02-11
O50023,Yes,Yes,None,0,39816,19074,2026-01-12
O50024,No,No,Early,37,0,35365,
O50025,Yes,Yes,None,0,15263,20102,2026-03-30
O50026,Yes,Yes,None,0,8898,6396,2026-02-10
O50027,Yes,Yes,None,0,112566,157231,2026-01-17
O50028,Yes,Yes,None,0,42796,32150,2026-01-08
O50029,Yes,Yes,None,0,50414,24532,2026-02-17
O50030,No,No,Early,33,0,164328,
O50031,No,No,Early,15,0,203644,
O50032,Yes,Yes,None,0,35384,33531,2026-02-01
O50033,Yes,Yes,None,0,32288,36627,2026-01-09
O50034,Yes,Yes,None,0,81133,61908,2026-01-07
O50035,No,No,Early,27,0,94971,
O50036,No,No,Early,33,0,333555,
O50037,No,No,Early,41,0,333555,
O50038,No,No,Early,32,0,388403,
O50039,Yes,Yes,None,0,212371,176032,2026-03-03
O50040,No,No,Early,26,0,220671,
O50041,No,No,Early,15,0,183751,
O50042,No,No,Early,34,0,36577,
O50043,No,No,Early,22,0,430517,
O50044,Yes,Yes,None,0,157957,231738,2026-02-01
O50045,Yes,Yes,None,0,212339,177356,2026-03-06
O50046,Yes,Yes,None,0,170879,90592,2026-03-28
O50047,No,No,Early,36,0,169099,
O50048,No,No,Early,40,0,169099,
O50049,No,No,Early,21,0,145466,
O50050,No,No,Early,21,0,145466,
O50051,Yes,Yes,None,0,62206,51067,2026-03-19
O50052,No,No,Early,38,0,113273,
O50053,No,No,Early,22,0,383987,
O50054,Yes,No,Mid,83,115065,268922,
O50055,No,No,Early,23,0,115128,
O50056,Yes,Yes,None,0,51010,64118,2026-01-04
O50057,Yes,Yes,None,0,254132,170532,2026-02-08
O50058,Yes,No,Mid,39,106321,318343,
O50059,Yes,Yes,None,0,125807,143833,2026-01-06
O50060,No,No,Early,25,0,95771,
O50061,No,No,Early,43,0,95771,
O50062,Yes,Yes,None,0,97890,84668,2026-01-08
O50063,No,No,Early,29,0,182558,
O50064,Yes,Yes,None,0,144123,98844,2026-01-06
O50065,Yes,Yes,None,0,220645,137686,2026-01-05
O50066,No,No,Early,30,0,358331,
O50067,Yes,Yes,None,0,118614,78288,2026-03-15
O50068,Yes,No,Mid,66,25367,171535,
O50069,No,No,Early,24,0,73008,
O50070,Yes,Yes,None,0,42155,30853,2026-02-16
O50071,Yes,Yes,None,0,189738,144848,2026-03-23
O50072,Yes,No,Mid,52,43161,201606,
O50073,Yes,Yes,None,0,134670,78469,2026-02-22
O50074,Yes,Yes,None,0,39862,28551,2026-03-16
O50075,Yes,Yes,None,0,142648,120847,2026-02-20
O50076,Yes,No,Mid,52,49737,213758,
O50077,No,No,Early,23,0,133724,
O50078,No,No,Early,43,0,417932,
O50079,Yes,No,Mid,36,105149,312783,
O50080,Yes,Yes,None,0,59648,80045,2026-01-15
O50081,Yes,Yes,None,0,96622,43071,2026-01-13
O50082,Yes,Yes,None,0,122521,116788,2026-01-08
O50083,Yes,No,Mid,55,29930,127082,
O50084,No,No,Early,16,0,157012,
O50085,No,No,Early,25,0,258554,
O50086,No,No,Early,31,0,203297,
O50087,Yes,No,Mid,47,122414,333109,
O50088,Yes,Yes,None,0,140959,149386,2026-01-03
O50089,Yes,Yes,None,0,89242,133758,2026-03-06
O50090,No,No,Early,30,0,392721,
O50091,Yes,Yes,None,0,209729,118843,2026-03-05
O50092,No,No,Early,39,0,303102,
O50093,Yes,Yes,None,0,82385,79451,2026-02-07
O50094,Yes,No,Mid,63,96128,352561,
O50095,Yes,Yes,None,0,291374,134575,2026-02-02
O50096,No,No,Early,31,0,228083,
O50097,Yes,Yes,None,0,40765,38123,2026-03-29
O50098,Yes,No,Mid,57,17383,134311,
O50099,Yes,No,Mid,52,30320,121374,
O50100,Yes,No,Mid,44,5821,32174,
O50101,Yes,Yes,None,0,26335,11660,2026-01-29
O50102,No,No,Early,22,0,212127,
O50103,Yes,No,Mid,76,21260,190867,
O50104,Yes,No,Mid,30,51564,362908,
O50105,Yes,Yes,None,0,156708,159809,2026-01-25
O50106,Yes,Yes,None,0,278087,135881,2026-01-28
O50107,Yes,No,Mid,78,49859,364109,
O50108,No,No,Early,35,0,56708,
O50109,Yes,Yes,None,0,151173,173250,2026-03-07
O50110,Yes,No,Mid,60,99143,241756,
O50111,No,No,Early,19,0,479535,
O50112,No,No,Early,30,0,241090,
O50113,Yes,No,Mid,86,30748,105154,
O50114,No,No,Early,38,0,135902,
O50115,No,No,Early,39,0,404929,
O50116,Yes,Yes,None,0,278169,126760,2026-02-06
O50117,Yes,No,Mid,74,99760,307755,
O50118,No,No,Early,36,0,407515,
O50119,Yes,No,Mid,59,27921,77214,
O50120,Yes,Yes,None,0,94232,63600,2026-03-17
O50121,Yes,No,Mid,42,97290,366209,
O50122,Yes,Yes,None,0,198599,264900,2026-02-23
O50123,Yes,Yes,None,0,184289,79795,2026-02-05
O50124,Yes,Yes,None,0,114224,70300,2026-02-02
O50125,No,No,Early,25,0,184524,
O50126,No,No,Early,32,0,307552,
O50127,Yes,Yes,None,0,10970,7226,2026-02-13
O50128,No,No,Early,20,0,131074,
O50129,No,No,Early,15,0,72175,
O50130,No,No,Early,25,0,421100,
O50131,No,No,Early,32,0,421100,
O50132,Yes,Yes,None,0,209371,95635,2026-03-01
O50133,Yes,Yes,None,0,116099,154693,2026-01-04
O50134,Yes,Yes,None,0,174872,95920,2026-01-30
O50135,Yes,No,Mid,63,21608,53540,
O50136,No,No,Early,31,0,127743,
O50137,Yes,Yes,None,0,20055,21327,2026-03-20
O50138,No,No,Early,19,0,319393,
O50139,Yes,Yes,None,0,130329,189064,2026-02-28
O50140,No,No,Early,26,0,446599,
O50141,No,No,Early,21,0,54710,
O50142,Yes,Yes,None,0,30601,24109,2026-03-30
O50143,Yes,No,Mid,30,16520,92634,
O50144,Yes,No,Mid,46,88598,219530,
O50145,Yes,Yes,None,0,64985,41694,2026-02-09
O50146,Yes,Yes,None,0,72311,34368,2026-03-18
O50147,Yes,Yes,None,0,78959,86682,2026-02-14
O50148,Yes,Yes,None,0,229736,134601,2026-01-31
O50149,No,No,Early,21,0,364337,
O50150,Yes,Yes,None,0,232648,147040,2026-03-29
O50151,Yes,Yes,None,0,236349,143339,2026-03-01
O50152,Yes,Yes,None,0,22044,24341,2026-01-17
O50153,No,No,Early,26,0,46385,
O50154,Yes,No,Mid,84,114550,268899,
O50155,No,No,Early,30,0,478144,
O50156,Yes,Yes,None,0,219868,258276,2026-01-22
O50157,No,No,Early,42,0,156154,
O50158,No,No,Early,34,0,156154,
O50159,Yes,No,Mid,63,98025,233664,
O50160,No,No,Early,17,0,331689,
O50161,Yes,No,Mid,44,12391,109357,
O50162,Yes,Yes,None,0,115943,108451,2026-01-11
O50163,Yes,No,Mid,77,66565,348442,
O50164,Yes,Yes,None,0,19172,24704,2026-03-21
O50165,No,No,Early,22,0,411562,
O50166,No,No,Early,30,0,389472,
O50167,No,No,Early,17,0,389472,
O50168,No,No,Early,16,0,453895,
O50169,Yes,Yes,None,0,205307,248588,2026-01-14
O50170,Yes,Yes,None,0,104187,114567,2026-02-14
O50171,Yes,Yes,None,0,119549,99205,2026-03-24
O50172,No,No,Early,27,0,391620,
O50173,No,No,Early,32,0,27213,
O50174,Yes,Yes,None,0,12318,14895,2026-02-03
O50175,Yes,Yes,None,0,271996,120992,2026-02-09
O50176,Yes,Yes,None,0,21219,15386,2026-03-19
O50177,Yes,Yes,None,0,20027,16578,2026-03-30
O50178,No,No,Early,28,0,424144,
O50179,No,No,Early,17,0,158435,
O50180,No,No,Early,36,0,86688,
O50181,Yes,No,Mid,60,8797,77891,
O50182,No,No,Early,15,0,201023,
O50183,No,No,Early,37,0,123541,
O50184,Yes,Yes,None,0,86215,37326,2026-01-23
O50185,Yes,Yes,None,0,98434,69152,2026-01-08
O50186,No,No,Early,30,0,167586,
O50187,No,No,Early,41,0,273490,
O50188,No,No,Early,39,0,273490,
O50189,No,No,Early,33,0,88741,
O50190,No,No,Early,38,0,174815,
O50191,Yes,No,Mid,64,37658,262106,
O50192,Yes,No,Mid,36,23622,110880,
O50193,Yes,Yes,None,0,105812,135052,2026-03-07
O50194,Yes,Yes,None,0,129313,111551,2026-01-26
O50195,No,No,Early,30,0,183678,
O50196,Yes,No,Mid,66,104770,263644,
O50197,No,No,Early,37,0,368414,
O50198,No,No,Early,25,0,37228,
O50199,Yes,No,Mid,88,25620,189227,
O50200,No,No,Early,23,0,335326,
O50201,No,No,Early,15,0,363857,
O50202,No,No,Early,34,0,363857,
O50203,No,No,Early,15,0,342091,
O50204,Yes,Yes,None,0,189126,152965,2026-03-22
O50205,Yes,Yes,None,0,294833,162778,2026-02-26
O50206,No,No,Early,19,0,457611,
O50207,Yes,Yes,None,0,105718,109270,2026-02-05
O50208,Yes,No,Mid,42,52620,162368,
O50209,No,No,Early,43,0,409970,
O50210,No,No,Early,19,0,462760,
O50211,Yes,Yes,None,0,111156,54460,2026-01-30
O50212,No,No,Early,41,0,437696,
O50213,Yes,Yes,None,0,75868,57060,2026-01-16
O50214,No,No,Early,27,0,405166,
O50215,No,No,Early,15,0,114290,
O50216,No,No,Early,36,0,31105,
O50217,No,No,Early,20,0,249824,
O50218,Yes,Yes,None,0,117092,132732,2026-03-23
O50219,No,No,Early,34,0,153595,
O50220,Yes,Yes,None,0,77379,76216,2026-01-08
O50221,Yes,Yes,None,0,193089,88666,2026-01-20
O50222,Yes,Yes,None,0,152107,129648,2026-03-24
O50223,Yes,Yes,None,0,73660,97227,2026-03-24
O50224,Yes,Yes,None,0,115467,55420,2026-01-04
O50225,Yes,Yes,None,0,150729,222333,2026-02-19
O50226,Yes,Yes,None,0,31670,20691,2026-03-27
O50227,No,No,Early,40,0,144380,
O50228,Yes,Yes,None,0,87351,57029,2026-02-01
O50229,Yes,No,Mid,45,65224,168488,
O50230,Yes,Yes,None,0,135324,98388,2026-03-05
O50231,Yes,Yes,None,0,323435,146037,2026-03-01
O50232,Yes,Yes,None,0,109095,119873,2026-03-01
O50233,Yes,No,Mid,58,91468,317384,
O50234,No,No,Early,43,0,88309,
O50235,No,No,Early,42,0,88309,
O50236,No,No,Early,40,0,215940,
O50237,Yes,Yes,None,0,218060,104251,2026-01-02
O50238,Yes,Yes,None,0,258790,135204,2026-02-28
O50239,No,No,Early,33,0,393994,
O50240,No,No,Early,15,0,263182,
O50241,Yes,No,Mid,84,33645,229537,
O50242,No,No,Early,34,0,422124,
O50243,No,No,Early,31,0,422124,
O50244,Yes,Yes,None,0,235529,141941,2026-02-27
O50245,No,No,Early,18,0,377470,
O50246,Yes,Yes,None,0,76388,72304,2026-03-27
O50247,No,No,Early,35,0,63926,
O50248,Yes,Yes,None,0,28890,35036,2026-03-26
O50249,No,No,Early,25,0,117192,
O50250,No,No,Early,16,0,117192,
O50251,No,No,Early,31,0,71888,
O50252,Yes,No,Mid,67,37294,128300,
O50253,Yes,Yes,None,0,66359,94833,2026-02-14
O50254,Yes,Yes,None,0,104689,56503,2026-01-09
O50255,No,No,Early,20,0,92442,
O50256,Yes,Yes,None,0,55011,37431,2026-01-21
O50257,Yes,Yes,None,0,192447,123594,2026-02-26
O50258,Yes,Yes,None,0,209188,106853,2026-02-05
O50259,Yes,Yes,None,0,44810,31670,2026-03-21
O50260,Yes,Yes,None,0,72169,34722,2026-03-23
O50261,Yes,No,Mid,63,48428,277340,
O50262,Yes,Yes,None,0,115563,133893,2026-03-23
O50263,No,No,Early,19,0,68811,
O50264,Yes,No,Mid,36,31459,269356,
O50265,No,No,Early,22,0,294302,
O50266,Yes,Yes,None,0,134476,159826,2026-01-16
O50267,Yes,No,Mid,56,24454,77195,
O50268,Yes,No,Mid,58,26166,75483,
O50269,No,No,Early,22,0,413422,
O50270,Yes,No,Mid,50,47937,365485,
O50271,No,No,Early,23,0,332545,
O50272,Yes,Yes,None,0,168006,164539,2026-03-21
O50273,Yes,Yes,None,0,131096,97606,2026-01-08
O50274,No,No,Early,39,0,37024,
O50275,No,No,Early,40,0,37024,
O50276,Yes,Yes,None,0,74107,43381,2026-01-09
O50277,Yes,No,Mid,80,123839,299123,
O50278,No,No,Early,20,0,460450,
O50279,No,No,Early,41,0,435873,
O50280,Yes,Yes,None,0,39591,57425,2026-02-16
O50281,Yes,No,Mid,33,66004,327765,
O50282,No,No,Early,32,0,393769,
O50283,Yes,No,Mid,51,9123,56490,
O50284,Yes,Yes,None,0,27036,38577,2026-03-19
O50285,No,No,Early,28,0,202486,
O50286,Yes,Yes,None,0,87872,114614,2026-01-14
O50287,No,No,Early,38,0,410813,
O50288,Yes,Yes,None,0,305977,163946,2026-02-24
O50289,Yes,Yes,None,0,285377,184546,2026-02-19
O50290,No,No,Early,21,0,449010,
O50291,No,No,Early,33,0,380500,
O50292,Yes,No,Mid,30,32568,224863,
O50293,Yes,Yes,None,0,41728,56863,2026-03-28
O50294,Yes,Yes,None,0,62749,74617,2026-03-06
O50295,Yes,Yes,None,0,90469,46897,2026-02-18
O50296,Yes,Yes,None,0,156094,75257,2026-03-03
O50297,Yes,Yes,None,0,179709,166119,2026-01-21
O50298,No,No,Early,26,0,310761,
O50299,No,No,Early,36,0,310761,
O50300,No,No,Early,40,0,70264,
O50301,No,No,Early,41,0,428270,
O50302,No,No,Early,17,0,428270,
O50303,No,No,Early,41,0,296608,
O50304,Yes,Yes,None,0,136588,160020,2026-02-10
O50305,No,No,Early,15,0,35156,
O50306,No,No,Early,28,0,35156,
O50307,Yes,Yes,None,0,176666,81069,2026-02-01
O50308,Yes,No,Mid,47,22769,64808,
O50309,No,No,Early,35,0,322422,
O50310,Yes,No,Mid,67,79761,242661,
O50311,Yes,Yes,None,0,191732,252911,2026-01-26
O50312,Yes,Yes,None,0,82867,61784,2026-02-11
O50313,Yes,No,Mid,63,27268,117383,
O50314,No,No,Early,28,0,316343,
O50315,No,No,Early,20,0,35169,
O50316,Yes,Yes,None,0,17767,17402,2026-03-09
O50317,No,No,Early,33,0,318931,
O50318,No,No,Early,20,0,318931,
O50319,Yes,Yes,None,0,125467,123264,2026-02-16
O50320,Yes,Yes,None,0,100659,148072,2026-02-10
O50321,No,No,Early,17,0,446247,
O50322,No,No,Early,42,0,446247,
O50323,No,No,Early,15,0,195378,
O50324,Yes,Yes,None,0,222524,184578,2026-03-13
O50325,Yes,Yes,None,0,86378,102539,2026-01-22
O50326,No,No,Early,39,0,188917,
O50327,Yes,Yes,None,0,234583,137471,2026-01-30
O50328,Yes,Yes,None,0,194473,177581,2026-01-05
O50329,No,No,Early,24,0,69796,
O50330,No,No,Early,16,0,369182,
O50331,No,No,Early,19,0,369182,
O50332,Yes,Yes,None,0,206707,183579,2026-03-06
O50333,No,No,Early,40,0,390286,
O50334,No,No,Early,39,0,138014,
O50335,No,No,Early,36,0,295943,
O50336,No,No,Early,41,0,84109,
O50337,Yes,No,Mid,33,12266,89946,
O50338,Yes,Yes,None,0,46762,55450,2026-02-13
O50339,Yes,No,Mid,37,33179,286287,
O50340,Yes,Yes,None,0,159446,160020,2026-02-02
O50341,Yes,Yes,None,0,63546,74636,2026-02-11
O50342,No,No,Early,36,0,225774,
O50343,Yes,No,Mid,54,38133,154085,
O50344,Yes,Yes,None,0,124833,54679,2026-01-28
O50345,Yes,No,Mid,48,52631,126881,
O50346,Yes,Yes,None,0,186600,111181,2026-01-24
O50347,No,No,Early,41,0,297781,
O50348,No,No,Early,32,0,253117,
O50349,No,No,Early,38,0,327051,
O50350,Yes,Yes,None,0,93656,81821,2026-02-12
O50351,No,No,Early,15,0,82945,
O50352,Yes,Yes,None,0,46753,36192,2026-03-28
O50353,Yes,Yes,None,0,165692,162920,2026-01-15
O50354,No,No,Early,35,0,190793,
O50355,No,No,Early,38,0,190793,
O50356,Yes,Yes,None,0,77598,53987,2026-03-25
O50357,Yes,Yes,None,0,105035,135749,2026-02-07
O50358,No,No,Early,33,0,240784,
O50359,No,No,Early,32,0,131361,
O50360,No,No,Early,34,0,299833,
O50361,No,No,Early,44,0,327254,
O50362,No,No,Early,22,0,327254,
O50363,Yes,Yes,None,0,86697,108552,2026-03-15
O50364,Yes,No,Mid,73,48015,147234,
O50365,Yes,Yes,None,0,284825,171385,2026-01-09
O50366,No,No,Early,18,0,456210,
O50367,No,No,Early,27,0,260720,
O50368,Yes,Yes,None,0,146620,114100,2026-02-28
O50369,Yes,No,Mid,79,64838,298899,
O50370,Yes,Yes,None,0,159281,204456,2026-03-01
O50371,Yes,Yes,None,0,212551,168653,2026-01-08
O50372,Yes,No,Mid,38,112069,269135,
O50373,Yes,No,Mid,77,19194,60824,
O50374,Yes,No,Mid,39,10503,69515,
O50375,Yes,No,Mid,34,62651,330540,
O50376,Yes,Yes,None,0,87629,60286,2026-01-25
O50377,No,No,Early,33,0,147915,
O50378,No,No,Early,28,0,234882,
O50379,No,No,Early,35,0,473253,
O50380,Yes,No,Mid,65,49469,174835,
O50381,Yes,Yes,None,0,152856,71448,2026-02-26
O50382,Yes,Yes,None,0,64961,38991,2026-03-22
O50383,Yes,Yes,None,0,78038,66428,2026-03-09
O50384,Yes,Yes,None,0,77579,97810,2026-01-04
O50385,Yes,Yes,None,0,93979,81410,2026-03-21
O50386,No,No,Early,29,0,321172,
O50387,Yes,Yes,None,0,193385,127787,2026-03-19
O50388,Yes,No,Mid,46,92510,296009,
O50389,Yes,Yes,None,0,212977,175542,2026-02-28
O50390,Yes,No,Mid,43,22862,89088,
O50391,No,No,Early,28,0,149011,
O50392,Yes,Yes,None,0,93531,55480,2026-03-10
O50393,No,No,Early,27,0,102122,
O50394,No,No,Early,44,0,476691,
O50395,No,No,Early,36,0,476691,
O50396,No,No,Early,30,0,263535,
O50397,Yes,Yes,None,0,30978,33914,2026-02-28
O50398,Yes,Yes,None,0,270289,135531,2026-03-09
O50399,Yes,No,Mid,66,99327,368789,
O50400,Yes,Yes,None,0,259054,209062,2026-03-26
O50401,Yes,Yes,None,0,129446,87020,2026-02-10
O50402,No,No,Early,35,0,216466,
O50403,No,No,Early,29,0,448220,
O50404,Yes,Yes,None,0,104142,128844,2026-03-04
O50405,Yes,Yes,None,0,154204,78782,2026-03-22
O50406,No,No,Early,38,0,469055,
O50407,Yes,Yes,None,0,186763,109272,2026-02-06
O50408,No,No,Early,24,0,124384,
O50409,No,No,Early,23,0,145066,
O50410,Yes,No,Mid,71,78452,275949,
O50411,Yes,Yes,None,0,216201,138200,2026-02-24
O50412,Yes,Yes,None,0,23157,21716,2026-03-02
O50413,No,No,Early,33,0,44873,
O50414,Yes,Yes,None,0,21911,18007,2026-02-01
O50415,No,No,Early,33,0,97494,
O50416,Yes,No,Mid,66,10014,87480,
O50417,Yes,Yes,None,0,53925,52702,2026-01-28
O50418,No,No,Early,37,0,220383,
O50419,No,No,Early,26,0,228408,
O50420,Yes,Yes,None,0,166962,110437,2026-03-06
O50421,No,No,Early,33,0,277399,
O50422,No,No,Early,23,0,332176,
O50423,No,No,Early,26,0,332176,
O50424,No,No,Early,40,0,273445,
O50425,Yes,No,Mid,59,23900,121942,
O50426,No,No,Early,35,0,269043,
O50427,Yes,Yes,None,0,184465,201962,2026-02-18
O50428,No,No,Early,34,0,85825,
O50429,Yes,Yes,None,0,305676,134982,2026-01-29
O50430,No,No,Early,39,0,417282,
O50431,Yes,Yes,None,0,148870,112964,2026-01-11
O50432,No,No,Early,21,0,58039,
O50433,Yes,No,Mid,65,8508,49531,
O50434,Yes,Yes,None,0,135151,94621,2026-01-07
O50435,Yes,Yes,None,0,37306,51870,2026-03-25
O50436,No,No,Early,40,0,89176,
O50437,No,No,Early,18,0,62800,
O50438,Yes,No,Mid,64,40360,296678,
O50439,Yes,Yes,None,0,197137,139901,2026-03-16
O50440,No,No,Early,15,0,382375,
O50441,No,No,Early,28,0,205766,
O50442,Yes,Yes,None,0,105615,120706,2026-02-17
O50443,No,No,Early,31,0,226321,
O50444,No,No,Early,26,0,123611,
O50445,No,No,Early,44,0,123611,
O50446,Yes,No,Mid,43,53561,309844,
O50447,No,No,Early,26,0,345679,
O50448,No,No,Early,32,0,345679,
O50449,Yes,Yes,None,0,16856,8708,2026-02-09
O50450,No,No,Early,43,0,471195,
O50451,No,No,Early,27,0,471195,
O50452,Yes,Yes,None,0,19245,27078,2026-02-19
O50453,Yes,No,Mid,73,67704,367882,
O50454,Yes,No,Mid,67,30735,119269,
O50455,Yes,Yes,None,0,175171,216753,2026-03-27
O50456,Yes,Yes,None,0,214208,177716,2026-01-11
O50457,No,No,Early,31,0,45916,
O50458,Yes,Yes,None,0,197695,105758,2026-01-13
O50459,No,No,Early,37,0,409718,
O50460,No,No,Early,17,0,294250,
O50461,Yes,Yes,None,0,46127,23518,2026-03-22
O50462,Yes,Yes,None,0,168402,109061,2026-03-13
O50463,Yes,Yes,None,0,169650,107813,2026-03-21
O50464,Yes,Yes,None,0,40437,30172,2026-03-17
O50465,No,No,Early,41,0,70609,
O50466,No,No,Early,19,0,306946,
O50467,No,No,Early,16,0,306946,
O50468,No,No,Early,36,0,420737,
O50469,Yes,No,Mid,65,124192,296545,
O50470,Yes,Yes,None,0,59470,48084,2026-02-09
O50471,Yes,Yes,None,0,69034,38520,2026-02-26
O50472,Yes,No,Mid,89,99750,269345,
O50473,Yes,Yes,None,0,175771,234261,2026-02-11
O50474,Yes,Yes,None,0,242562,159752,2026-01-06
O50475,No,No,Early,44,0,309153,
O50476,Yes,Yes,None,0,215994,93159,2026-02-25
O50477,Yes,Yes,None,0,155317,81199,2026-02-27
O50478,Yes,Yes,None,0,223661,121419,2026-02-25
O50479,No,No,Early,33,0,345080,
O50480,No,No,Early,29,0,267615,
O50481,Yes,No,Mid,89,63986,337010,
O50482,No,No,Early,24,0,400996,
O50483,No,No,Early,16,0,30250,
O50484,Yes,No,Mid,69,50667,374731,
O50485,No,No,Early,37,0,425398,
O50486,No,No,Early,30,0,48370,
O50487,No,No,Early,25,0,48370,
O50488,No,No,Early,40,0,461983,
O50489,Yes,No,Mid,52,113618,348365,
O50490,No,No,Early,41,0,214416,
O50491,Yes,No,Mid,80,26560,210255,
O50492,No,No,Early,31,0,228396,
O50493,Yes,Yes,None,0,161077,131768,2026-03-10
O50494,No,No,Early,36,0,292845,
O50495,Yes,No,Mid,30,108202,301259,
O50496,Yes,Yes,None,0,15559,18181,2026-01-24
O50497,No,No,Early,41,0,339215,
O50498,Yes,Yes,None,0,203563,123294,2026-01-03
O50499,Yes,Yes,None,0,99613,112577,2026-02-26
O50500,No,No,Early,34,0,212190,
O50501,Yes,Yes,None,0,38905,25211,2026-01-06
O50502,No,No,Early,27,0,128535,
O50503,No,No,Early,38,0,148021,
O50504,Yes,Yes,None,0,29307,18991,2026-03-01
O50505,Yes,Yes,None,0,310417,161374,2026-02-16
O50506,Yes,No,Mid,64,32260,184187,
O50507,No,No,Early,37,0,471610,
O50508,Yes,Yes,None,0,22680,26078,2026-03-05
O50509,Yes,Yes,None,0,30915,17843,2026-01-18
O50510,Yes,No,Mid,34,23505,65964,
O50511,Yes,Yes,None,0,56562,32907,2026-01-07
O50512,Yes,Yes,None,0,129593,115666,2026-03-22
O50513,Yes,Yes,None,0,129830,115429,2026-01-30
O50514,Yes,Yes,None,0,68795,56410,2026-02-16
O50515,Yes,No,Mid,83,29453,83388,
O50516,No,No,Early,24,0,112841,
O50517,Yes,No,Mid,38,62240,201832,
O50518,No,No,Early,19,0,264072,
O50519,Yes,Yes,None,0,88660,70353,2026-01-09
O50520,Yes,No,Mid,49,42141,363308,
O50521,No,No,Early,33,0,405449,
O50522,Yes,Yes,None,0,185904,94333,2026-02-19
O50523,No,No,Early,38,0,337839,
O50524,No,No,Early,27,0,337839,
O50525,No,No,Early,43,0,318867,
O50526,Yes,No,Mid,58,20949,50866,
O50527,Yes,Yes,None,0,14344,6264,2026-03-14
O50528,No,No,Early,44,0,391606,
O50529,Yes,Yes,None,0,302126,160028,2026-01-24
O50530,No,No,Early,38,0,372855,
O50531,No,No,Early,36,0,372855,
O50532,No,No,Early,37,0,64648,
O50533,No,No,Early,40,0,79186,
O50534,Yes,Yes,None,0,34816,44370,2026-03-28
O50535,No,No,Early,37,0,163051,
O50536,No,No,Early,39,0,81483,
O50537,Yes,No,Mid,43,21340,60143,
O50538,Yes,Yes,None,0,159514,69582,2026-01-29
O50539,Yes,Yes,None,0,32830,28275,2026-03-17
O50540,Yes,Yes,None,0,27794,33311,2026-02-14
O50541,Yes,Yes,None,0,28898,13380,2026-03-13
O50542,Yes,No,Mid,81,4607,37671,
O50543,Yes,No,Mid,65,88486,391425,
O50544,Yes,Yes,None,0,303004,176907,2026-02-28
O50545,No,No,Early,29,0,17460,
O50546,No,No,Early,36,0,355822,
O50547,Yes,Yes,None,0,148268,207554,2026-01-28
O50548,No,No,Early,38,0,408659,
O50549,No,No,Early,15,0,184587,
O50550,No,No,Early,17,0,74030,
O50551,Yes,No,Mid,50,12271,61759,
O50552,Yes,Yes,None,0,114308,163082,2026-02-19
O50553,Yes,No,Mid,65,61451,215939,
O50554,Yes,No,Mid,80,57013,366493,
O50555,Yes,No,Mid,89,104746,307770,
O50556,No,No,Early,35,0,25547,
O50557,Yes,No,Mid,61,7024,18523,
O50558,No,No,Early,25,0,17921,
O50559,Yes,No,Mid,59,14355,55797,
O50560,Yes,Yes,None,0,30069,40083,2026-01-06
O50561,Yes,No,Mid,66,57172,242292,
O50562,No,No,Early,23,0,299464,
O50563,No,No,Early,20,0,102081,
O50564,No,No,Early,31,0,192171,
O50565,No,No,Early,33,0,192171,
O50566,Yes,Yes,None,0,152149,158714,2026-01-01
O50567,No,No,Early,29,0,310863,
O50568,No,No,Early,24,0,150102,
O50569,No,No,Early,38,0,412997,
O50570,Yes,Yes,None,0,45933,21869,2026-02-14
O50571,No,No,Early,23,0,142922,
O50572,No,No,Early,31,0,316251,
O50573,Yes,Yes,None,0,196292,119959,2026-02-24
O50574,No,No,Early,22,0,449584,
O50575,No,No,Early,33,0,449584,
O50576,Yes,No,Mid,89,64369,236209,
O50577,No,No,Early,21,0,300578,
O50578,No,No,Early,34,0,406825,
O50579,Yes,Yes,None,0,241562,191340,2026-03-18
O50580,Yes,No,Mid,77,10000,84062,
O50581,No,No,Early,21,0,94062,
O50582,No,No,Early,18,0,104407,
O50583,Yes,Yes,None,0,165508,171511,2026-01-23
O50584,No,No,Early,44,0,337019,
O50585,Yes,Yes,None,0,66439,37903,2026-02-08
O50586,Yes,Yes,None,0,50378,72883,2026-01-04
O50587,No,No,Early,32,0,259413,
O50588,Yes,Yes,None,0,141045,191907,2026-01-08
O50589,No,No,Early,28,0,332952,
O50590,Yes,Yes,None,0,24205,18533,2026-03-01
O50591,No,No,Early,26,0,42738,
O50592,Yes,Yes,None,0,50683,36259,2026-03-11
O50593,No,No,Early,35,0,86942,
O50594,No,No,Early,30,0,280332,
O50595,No,No,Early,35,0,280332,
O50596,No,No,Early,33,0,356466,
O50597,No,No,Early,30,0,315889,
O50598,No,No,Early,23,0,223920,
O50599,No,No,Early,27,0,293491,
O50600,No,No,Early,40,0,293491,
O50601,No,No,Early,19,0,17994,
O50602,Yes,No,Mid,38,27235,168059,
O50603,Yes,Yes,None,0,94959,100335,2026-01-08
O50604,Yes,Yes,None,0,149968,104222,2026-01-01
O50605,Yes,Yes,None,0,102352,151838,2026-01-31
O50606,Yes,Yes,None,0,258522,215952,2026-01-22
O50607,Yes,Yes,None,0,259845,214629,2026-01-02
O50608,Yes,Yes,None,0,173883,150208,2026-01-16
O50609,No,No,Early,21,0,324091,
O50610,No,No,Early,33,0,168868,
O50611,Yes,Yes,None,0,69720,99148,2026-03-01
O50612,No,No,Early,25,0,465973,
O50613,No,No,Early,30,0,465973,
O50614,Yes,Yes,None,0,77509,75403,2026-02-18
O50615,Yes,Yes,None,0,296307,165859,2026-02-25
O50616,No,No,Early,33,0,417611,
O50617,Yes,Yes,None,0,139639,175099,2026-03-06
O50618,Yes,No,Mid,66,16328,79868,
O50619,Yes,No,Mid,85,5901,16373,
O50620,No,No,Early,21,0,22274,
O50621,Yes,Yes,None,0,97976,123113,2026-02-03
O50622,Yes,Yes,None,0,256783,177271,2026-03-22
O50623,No,No,Early,41,0,434054,
O50624,Yes,No,Mid,50,11132,52675,
O50625,No,No,Early,34,0,63807,
O50626,Yes,Yes,None,0,13896,18101,2026-01-23
O50627,No,No,Early,28,0,31997,
O50628,No,No,Early,32,0,223467,
O50629,Yes,No,Mid,63,120449,289520,
O50630,Yes,Yes,None,0,268815,141154,2026-03-04
O50631,Yes,No,Mid,34,75996,212665,
O50632,Yes,Yes,None,0,57242,27968,2026-01-17
O50633,No,No,Early,25,0,451697,
O50634,Yes,Yes,None,0,284576,167121,2026-01-20
O50635,No,No,Early,33,0,304884,
O50636,No,No,Early,17,0,173987,
O50637,Yes,Yes,None,0,47480,36826,2026-01-16
O50638,Yes,Yes,None,0,51212,33094,2026-01-06
O50639,No,No,Early,27,0,323509,
O50640,Yes,No,Mid,44,97657,233748,
O50641,Yes,Yes,None,0,220180,111225,2026-03-07
O50642,Yes,Yes,None,0,223827,211739,2026-02-28
O50643,Yes,Yes,None,0,219296,145177,2026-01-06
O50644,Yes,No,Mid,86,70833,180030,
O50645,Yes,No,Mid,69,30730,185765,
O50646,No,No,Early,35,0,95781,
O50647,Yes,No,Mid,69,23873,71908,
O50648,No,No,Early,16,0,203873,
O50649,No,No,Early,33,0,45921,
O50650,Yes,Yes,None,0,217932,221794,2026-01-11
O50651,Yes,Yes,None,0,300933,138793,2026-03-26
O50652,Yes,Yes,None,0,208576,124881,2026-03-02
O50653,Yes,No,Mid,50,43167,216659,
O50654,No,No,Early,15,0,149273,
O50655,Yes,Yes,None,0,83482,120209,2026-02-26
O50656,Yes,Yes,None,0,81229,40813,2026-02-02
O50657,No,No,Early,21,0,122042,
O50658,Yes,Yes,None,0,275079,119569,2026-01-13
O50659,Yes,Yes,None,0,257660,136988,2026-02-23
O50660,No,No,Early,20,0,309957,
O50661,Yes,Yes,None,0,145476,164481,2026-01-28
O50662,No,No,Early,16,0,23831,
O50663,Yes,No,Mid,40,48919,290413,
O50664,Yes,Yes,None,0,233079,106253,2026-02-06
O50665,Yes,Yes,None,0,208568,119531,2026-03-09
O50666,Yes,No,Mid,51,16045,42217,
O50667,No,No,Early,23,0,58262,
O50668,No,No,Early,35,0,183767,
O50669,No,No,Early,27,0,166083,
O50670,Yes,Yes,None,0,233050,215160,2026-03-08
O50671,Yes,Yes,None,0,290398,157812,2026-01-04
O50672,No,No,Early,25,0,31738,
O50673,Yes,No,Mid,46,36927,159423,
O50674,Yes,Yes,None,0,107283,89067,2026-01-02
O50675,Yes,No,Mid,63,55217,368778,
O50676,No,No,Early,23,0,423995,
O50677,Yes,Yes,None,0,92492,47601,2026-03-26
O50678,No,No,Early,23,0,145509,
O50679,Yes,No,Mid,36,8539,28468,
O50680,Yes,Yes,None,0,68354,72447,2026-01-10
O50681,Yes,Yes,None,0,12342,12045,2026-03-06
O50682,Yes,Yes,None,0,14141,10246,2026-02-26
O50683,Yes,Yes,None,0,19819,13421,2026-03-03
O50684,No,No,Early,18,0,280790,
O50685,No,No,Early,15,0,280790,
O50686,No,No,Early,16,0,435505,
O50687,Yes,No,Mid,39,48727,131641,
O50688,No,No,Early,24,0,149476,
O50689,Yes,Yes,None,0,215457,176589,2026-03-12
O50690,Yes,Yes,None,0,191485,128807,2026-03-14
O50691,Yes,Yes,None,0,66540,41403,2026-03-29
O50692,No,No,Early,24,0,107943,
O50693,No,No,Early,29,0,164748,
O50694,Yes,Yes,None,0,136867,134596,2026-02-13
O50695,No,No,Early,38,0,271463,
O50696,Yes,Yes,None,0,301267,131894,2026-03-05
O50697,Yes,No,Mid,35,82874,243065,
O50698,No,No,Early,15,0,325939,
O50699,Yes,Yes,None,0,137242,63868,2026-02-03
O50700,No,No,Early,18,0,201110,
O50701,Yes,Yes,None,0,148438,146974,2026-01-17
O50702,No,No,Early,36,0,379929,
O50703,Yes,Yes,None,0,181238,221130,2026-02-09
O50704,Yes,Yes,None,0,176710,225658,2026-03-19
O50705,Yes,Yes,None,0,109533,128167,2026-02-21
O50706,Yes,Yes,None,0,140736,96964,2026-02-27
O50707,Yes,No,Mid,80,113618,298286,
O50708,No,No,Early,28,0,411904,
O50709,No,No,Early,24,0,117339,
O50710,Yes,No,Mid,86,13204,90819,
O50711,No,No,Early,18,0,220719,
O50712,Yes,Yes,None,0,149954,70765,2026-01-05
O50713,No,No,Early,37,0,446262,
O50714,Yes,Yes,None,0,68106,56763,2026-02-10
O50715,No,No,Early,22,0,348447,
O50716,No,No,Early,34,0,348447,
O50717,Yes,No,Mid,58,141703,334064,
O50718,No,No,Early,38,0,70904,
O50719,Yes,No,Mid,49,32907,217940,
O50720,Yes,No,Mid,46,37791,327595,
O50721,No,No,Early,41,0,167481,
O50722,No,No,Early,30,0,259437,
O50723,Yes,Yes,None,0,178821,80616,2026-02-24
O50724,Yes,Yes,None,0,242466,193128,2026-01-11
O50725,No,No,Early,24,0,338854,
O50726,Yes,No,Mid,89,79779,259075,
O50727,No,No,Early,42,0,186955,
O50728,No,No,Early,34,0,230888,
O50729,No,No,Early,34,0,408238,
O50730,No,No,Early,27,0,408238,
O50731,No,No,Early,29,0,36825,
O50732,Yes,Yes,None,0,63967,60400,2026-03-18
O50733,No,No,Early,22,0,415966,
O50734,Yes,No,Mid,64,12371,63715,
O50735,Yes,Yes,None,0,29168,27935,2026-01-07
O50736,Yes,No,Mid,62,30028,125660,
O50737,No,No,Early,22,0,155688,
O50738,No,No,Early,44,0,356376,
O50739,Yes,No,Mid,82,39048,319085,
O50740,No,No,Early,31,0,358133,
O50741,No,No,Early,23,0,54369,
O50742,Yes,No,Mid,52,36622,106523,
O50743,No,No,Early,38,0,359660,
O50744,No,No,Early,27,0,359660,
O50745,Yes,Yes,None,0,9765,7866,2026-02-14
O50746,Yes,Yes,None,0,221687,114658,2026-03-19
O50747,No,No,Early,28,0,336345,
O50748,No,No,Early,25,0,43004,
O50749,Yes,Yes,None,0,288481,172683,2026-02-10
O50750,Yes,Yes,None,0,81869,88549,2026-02-25
O50751,Yes,Yes,None,0,113271,57147,2026-03-08
O50752,No,No,Early,36,0,278369,
O50753,Yes,Yes,None,0,184941,93428,2026-01-22
O50754,Yes,Yes,None,0,112881,61666,2026-03-14
O50755,No,No,Early,19,0,174547,
O50756,Yes,Yes,None,0,190537,148062,2026-01-16
O50757,Yes,Yes,None,0,121082,77659,2026-01-13
O50758,No,No,Early,22,0,185458,
O50759,Yes,No,Mid,72,19625,165833,
O50760,Yes,Yes,None,0,204835,235533,2026-01-06
O50761,Yes,No,Mid,30,82425,224747,
O50762,Yes,No,Mid,84,55796,305586,
O50763,Yes,Yes,None,0,202931,158451,2026-03-23
O50764,Yes,Yes,None,0,143219,109859,2026-03-04
O50765,Yes,Yes,None,0,216217,201952,2026-02-27
O50766,No,No,Early,32,0,19454,
O50767,Yes,No,Mid,30,2759,16695,
O50768,Yes,Yes,None,0,285266,144280,2026-03-06
O50769,Yes,Yes,None,0,236810,181227,2026-02-09
O50770,No,No,Early,34,0,367323,
O50771,No,No,Early,18,0,367323,
O50772,No,No,Early,15,0,125373,
O50773,Yes,No,Mid,87,96152,373019,
O50774,No,No,Early,24,0,469171,
O50775,Yes,No,Mid,43,43171,310559,
O50776,No,No,Early,28,0,431981,
O50777,Yes,Yes,None,0,217560,214421,2026-01-09
O50778,No,No,Early,42,0,86540,
O50779,Yes,Yes,None,0,55043,31497,2026-01-16
O50780,Yes,No,Mid,36,22412,147948,
O50781,Yes,No,Mid,34,116611,329535,
O50782,No,No,Early,22,0,46276,
O50783,Yes,Yes,None,0,22453,23823,2026-01-16
O50784,Yes,Yes,None,0,318677,152352,2026-02-01
O50785,No,No,Early,22,0,471029,
O50786,No,No,Early,40,0,197394,
O50787,No,No,Early,26,0,82471,
O50788,Yes,Yes,None,0,228619,177978,2026-01-09
O50789,No,No,Early,20,0,356324,
O50790,No,No,Early,44,0,320319,
O50791,Yes,No,Mid,49,88787,352498,
O50792,Yes,Yes,None,0,212113,229172,2026-01-09
O50793,No,No,Early,17,0,396688,
O50794,No,No,Early,20,0,447331,
O50795,No,No,Early,44,0,194022,
O50796,No,No,Early,25,0,349152,
O50797,No,No,Early,43,0,478694,
O50798,No,No,Early,27,0,478694,
O50799,Yes,Yes,None,0,136419,140751,2026-02-04
O50800,Yes,Yes,None,0,76503,97254,2026-02-22
O50801,Yes,No,Mid,63,123889,320312,
O50802,No,No,Early,38,0,384556,
O50803,No,No,Early,37,0,384556,
O50804,No,No,Early,19,0,245755,
O50805,Yes,Yes,None,0,58409,77837,2026-02-08
O50806,Yes,Yes,None,0,64762,71484,2026-03-19
O50807,No,No,Early,19,0,24665,
O50808,No,No,Early,22,0,24665,
O50809,Yes,No,Mid,71,52123,189228,
O50810,No,No,Early,37,0,241351,
O50811,Yes,No,Mid,82,30563,76122,
O50812,No,No,Early,16,0,40301,
O50813,No,No,Early,35,0,20452,
O50814,Yes,Yes,None,0,280797,184854,2026-01-13
O50815,Yes,Yes,None,0,188840,276811,2026-01-25
O50816,No,No,Early,22,0,423275,
O50817,No,No,Early,37,0,119132,
O50818,Yes,Yes,None,0,51328,67804,2026-02-24
O50819,Yes,Yes,None,0,235812,234661,2026-02-05
O50820,No,No,Early,30,0,122154,
O50821,No,No,Early,35,0,122154,
O50822,No,No,Early,24,0,153939,
O50823,Yes,Yes,None,0,66812,87127,2026-03-27
O50824,No,No,Early,22,0,263577,
O50825,Yes,No,Mid,48,72550,186188,
O50826,No,No,Early,29,0,258738,
O50827,Yes,No,Mid,38,19727,70478,
O50828,Yes,Yes,None,0,50338,39867,2026-01-08
O50829,No,No,Early,26,0,459049,
O50830,Yes,Yes,None,0,205552,253497,2026-02-06
O50831,Yes,Yes,None,0,121748,66107,2026-03-03
O50832,Yes,No,Mid,42,50199,201392,
O50833,No,No,Early,29,0,251591,
O50834,No,No,Early,31,0,256496,
O50835,No,No,Early,39,0,57176,
O50836,Yes,Yes,None,0,243721,183509,2026-02-24
O50837,Yes,Yes,None,0,296223,131007,2026-03-22
O50838,Yes,Yes,None,0,230079,176652,2026-02-26
O50839,No,No,Early,27,0,406731,
O50840,Yes,Yes,None,0,150754,171804,2026-03-09
O50841,Yes,Yes,None,0,220397,102161,2026-01-19
O50842,Yes,Yes,None,0,140637,92248,2026-03-12
O50843,Yes,No,Mid,31,8398,23177,
O50844,Yes,Yes,None,0,17173,14402,2026-01-11
O50845,No,No,Early,18,0,41863,
O50846,Yes,No,Mid,66,12299,29564,
O50847,No,No,Early,15,0,424420,
O50848,No,No,Early,23,0,102725,
O50849,Yes,Yes,None,0,54791,47934,2026-02-15
O50850,Yes,No,Mid,39,39201,118891,
O50851,Yes,Yes,None,0,67731,52980,2026-03-26
O50852,No,No,Early,39,0,120711,
O50853,No,No,Early,41,0,451531,
O50854,No,No,Early,23,0,361228,
O50855,Yes,Yes,None,0,22610,15787,2026-01-31
O50856,No,No,Early,37,0,38397,
O50857,No,No,Early,44,0,260620,
O50858,Yes,Yes,None,0,90581,48544,2026-03-29
O50859,No,No,Early,25,0,31772,
O50860,No,No,Early,23,0,31772,
O50861,No,No,Early,21,0,16301,
O50862,Yes,Yes,None,0,32120,15615,2026-02-23
O50863,No,No,Early,39,0,273946,
O50864,No,No,Early,19,0,273946,
O50865,Yes,No,Mid,77,14097,34842,
O50866,No,No,Early,42,0,48939,
O50867,Yes,Yes,None,0,261011,199074,2026-03-05
O50868,Yes,Yes,None,0,298326,161759,2026-03-15
O50869,Yes,Yes,None,0,211309,94397,2026-02-27
O50870,Yes,Yes,None,0,15086,12558,2026-01-15
O50871,Yes,Yes,None,0,13041,14603,2026-01-25
O50872,Yes,Yes,None,0,157171,137718,2026-02-06
O50873,No,No,Early,42,0,152392,
O50874,Yes,Yes,None,0,95391,57001,2026-02-08
O50875,Yes,Yes,None,0,166426,136445,2026-02-03
O50876,Yes,No,Mid,82,79735,223136,
O50877,No,No,Early,36,0,238830,
O50878,No,No,Early,31,0,74739,
O50879,No,No,Early,18,0,74739,
O50880,Yes,Yes,None,0,139623,116725,2026-01-22
O50881,No,No,Early,38,0,256348,
O50882,No,No,Early,40,0,434389,
O50883,Yes,No,Mid,46,69232,365157,
O50884,Yes,Yes,None,0,69772,55779,2026-03-31
O50885,No,No,Early,37,0,378284,
O50886,Yes,Yes,None,0,113159,103171,2026-01-23
O50887,Yes,No,Mid,60,43817,172513,
O50888,Yes,No,Mid,77,58285,373565,
O50889,Yes,No,Mid,77,85494,281259,
O50890,Yes,Yes,None,0,210450,156303,2026-01-14
O50891,Yes,No,Mid,74,113411,327326,
O50892,Yes,Yes,None,0,55077,63459,2026-01-21
O50893,No,No,Early,41,0,118536,
O50894,Yes,Yes,None,0,96084,51588,2026-01-04
O50895,No,No,Early,33,0,147672,
O50896,Yes,No,Mid,37,5045,24462,
O50897,No,No,Early,36,0,81600,
O50898,No,No,Early,33,0,81600,
O50899,Yes,No,Mid,43,41232,164102,
O50900,Yes,Yes,None,0,135258,70076,2026-03-03
O50901,Yes,Yes,None,0,200590,187270,2026-02-26
O50902,No,No,Early,27,0,387860,
O50903,Yes,Yes,None,0,88432,57240,2026-02-18
O50904,Yes,No,Mid,79,7708,63298,
O50905,No,No,Early,31,0,280251,
O50906,Yes,Yes,None,0,26767,34454,2026-02-20
O50907,No,No,Early,42,0,296667,
O50908,No,No,Early,37,0,296667,
O50909,No,No,Early,22,0,289843,
O50910,No,No,Early,31,0,167215,
O50911,Yes,Yes,None,0,189471,178219,2026-02-16
O50912,Yes,No,Mid,48,93703,273987,
O50913,Yes,No,Mid,39,52592,235359,
O50914,Yes,Yes,None,0,164568,236566,2026-01-19
O50915,No,No,Early,38,0,307338,
O50916,Yes,Yes,None,0,43204,45976,2026-03-11
O50917,Yes,Yes,None,0,307366,143035,2026-02-08
O50918,Yes,Yes,None,0,170786,230444,2026-01-09
O50919,No,No,Early,21,0,401230,
O50920,No,No,Early,26,0,121734,
O50921,No,No,Early,17,0,263751,
O50922,No,No,Early,34,0,263751,
O50923,No,No,Early,23,0,331379,
O50924,Yes,Yes,None,0,28935,39598,2026-02-22
O50925,Yes,Yes,None,0,165738,82105,2026-03-24
O50926,Yes,Yes,None,0,123762,124081,2026-03-02
O50927,No,No,Early,16,0,30582,
O50928,Yes,Yes,None,0,167025,248131,2026-01-08
O50929,No,No,Early,20,0,433660,
O50930,No,No,Early,26,0,145011,
O50931,No,No,Early,42,0,145011,
O50932,Yes,Yes,None,0,144072,141568,2026-01-18
O50933,Yes,Yes,None,0,78762,53493,2026-01-14
O50934,No,No,Early,16,0,292941,
O50935,Yes,Yes,None,0,97533,75537,2026-03-03
O50936,Yes,Yes,None,0,97836,75234,2026-03-11
O50937,Yes,Yes,None,0,250323,116268,2026-03-10
O50938,No,No,Early,21,0,438574,
O50939,No,No,Early,21,0,438574,
O50940,Yes,No,Mid,49,57419,290224,
O50941,No,No,Early,29,0,373998,
O50942,Yes,Yes,None,0,224746,149252,2026-02-19
O50943,No,No,Early,34,0,159318,
O50944,No,No,Early,43,0,383225,
O50945,Yes,Yes,None,0,240503,158909,2026-02-22
O50946,No,No,Early,36,0,360242,
O50947,Yes,No,Mid,37,102382,257860,
O50948,No,No,Early,37,0,319136,
O50949,No,No,Early,28,0,330387,
O50950,Yes,Yes,None,0,138467,203011,2026-01-02
O50951,No,No,Early,24,0,29633,
O50952,No,No,Early,36,0,186713,
O50953,Yes,Yes,None,0,88680,98033,2026-02-16
O50954,No,No,Early,25,0,413077,
O50955,Yes,Yes,None,0,227506,185571,2026-03-09
O50956,Yes,Yes,None,0,222482,221305,2026-01-10
O50957,Yes,Yes,None,0,285488,132473,2026-03-08
O50958,Yes,No,Mid,48,84634,231431,
O50959,Yes,Yes,None,0,144372,161286,2026-02-02
O50960,No,No,Early,37,0,305658,
O50961,No,No,Early,29,0,253198,
O50962,No,No,Early,15,0,253198,
O50963,Yes,No,Mid,49,53581,165148,
O50964,Yes,No,Mid,34,15974,129462,
O50965,No,No,Early,40,0,356468,
O50966,No,No,Early,21,0,356468,
O50967,Yes,Yes,None,0,209803,157368,2026-03-10
O50968,No,No,Early,39,0,437870,
O50969,Yes,Yes,None,0,263618,174252,2026-02-11
O50970,No,No,Early,35,0,379236,
O50971,No,No,Early,20,0,350988,
O50972,No,No,Early,38,0,51660,
O50973,No,No,Early,29,0,51660,
O50974,Yes,No,Mid,41,81512,223599,
O50975,No,No,Early,28,0,372941,
O50976,Yes,Yes,None,0,209195,163746,2026-01-19
O50977,Yes,Yes,None,0,118491,55338,2026-02-21
O50978,Yes,Yes,None,0,114766,141686,2026-01-18
O50979,Yes,Yes,None,0,259925,134638,2026-03-24
O50980,No,No,Early,15,0,394563,
O50981,No,No,Early,25,0,303363,
O50982,No,No,Early,40,0,371211,
O50983,No,No,Early,35,0,78910,
O50984,Yes,Yes,None,0,234639,117405,2026-02-15
O50985,No,No,Early,31,0,313030,
O50986,No,No,Early,43,0,313030,
O50987,No,No,Early,22,0,293456,
O50988,No,No,Early,44,0,293456,
O50989,Yes,Yes,None,0,153387,116830,2026-02-16
O50990,No,No,Early,27,0,58888,
O50991,Yes,No,Mid,54,53175,255637,
O50992,Yes,No,Mid,50,72637,405808,
O50993,No,No,Early,36,0,478445,
O50994,Yes,No,Mid,62,79049,373041,
O50995,No,No,Early,29,0,208175,
O50996,Yes,Yes,None,0,132816,75359,2026-03-16
O50997,No,No,Early,19,0,475777,
O50998,No,No,Early,38,0,475777,
O50999,No,No,Early,21,0,216657,
O51000,No,No,Early,22,0,81008,
O51001,Yes,No,Mid,69,59812,147984,
O51002,No,No,Early,42,0,207796,
O51003,Yes,Yes,None,0,230889,213480,2026-03-13
O51004,No,No,Early,20,0,300672,
O51005,Yes,No,Mid,39,28095,103680,
O51006,Yes,Yes,None,0,79709,52066,2026-03-10
O51007,Yes,Yes,None,0,221193,181050,2026-01-26
O51008,Yes,No,Mid,65,85490,316753,
O51009,Yes,Yes,None,0,59493,36027,2026-02-23
O51010,No,No,Early,17,0,321505,
O51011,No,No,Early,41,0,300539,
O51012,No,No,Early,33,0,260340,
O51013,Yes,Yes,None,0,84208,38300,2026-02-24
O51014,Yes,No,Mid,65,71881,253665,
O51015,No,No,Early,33,0,397784,
O51016,No,No,Early,20,0,64456,
O51017,No,No,Early,42,0,59158,
O51018,Yes,Yes,None,0,41933,60434,2026-01-09
O51019,Yes,No,Mid,78,7978,22012,
O51020,Yes,Yes,None,0,80534,52248,2026-03-08
O51021,Yes,Yes,None,0,86257,46525,2026-03-12
O51022,Yes,Yes,None,0,218605,127322,2026-03-25
O51023,No,No,Early,20,0,345927,
O51024,Yes,Yes,None,0,10876,11132,2026-02-14
O51025,Yes,Yes,None,0,275009,188164,2026-02-07
O51026,Yes,Yes,None,0,101604,48942,2026-01-24
O51027,Yes,Yes,None,0,69532,45739,2026-02-22
O51028,Yes,No,Mid,62,27271,88000,
O51029,Yes,No,Mid,53,39212,182611,
O51030,Yes,Yes,None,0,197773,100369,2026-01-03
O51031,No,No,Early,33,0,226278,
O51032,Yes,Yes,None,0,91882,134396,2026-02-04
O51033,No,No,Early,31,0,71959,
O51034,No,No,Early,24,0,71959,
O51035,No,No,Early,43,0,456413,
O51036,Yes,Yes,None,0,203517,131887,2026-02-02
O51037,No,No,Early,39,0,179238,
O51038,Yes,Yes,None,0,156240,136552,2026-02-16
O51039,No,No,Early,34,0,292792,
O51040,Yes,No,Mid,65,44423,188449,
O51041,Yes,No,Mid,75,27198,205674,
O51042,Yes,No,Mid,33,9001,57939,
O51043,No,No,Early,25,0,66940,
O51044,Yes,Yes,None,0,132974,68597,2026-02-19
O51045,No,No,Early,16,0,394606,
O51046,Yes,Yes,None,0,8771,12883,2026-01-30
O51047,No,No,Early,33,0,21654,
O51048,Yes,Yes,None,0,73544,54570,2026-03-02
O51049,No,No,Early,42,0,148407,
O51050,Yes,Yes,None,0,82279,53144,2026-03-11
O51051,No,No,Early,27,0,282913,
O51052,Yes,Yes,None,0,154538,128375,2026-01-19
O51053,Yes,Yes,None,0,114820,109143,2026-01-10
O51054,No,No,Early,42,0,337142,
O51055,No,No,Early,37,0,83040,
O51056,Yes,Yes,None,0,127803,83551,2026-02-03
O51057,No,No,Early,28,0,48542,
O51058,No,No,Early,37,0,343614,
O51059,Yes,Yes,None,0,166136,177478,2026-01-06
O51060,Yes,Yes,None,0,215058,105700,2026-03-10
O51061,Yes,Yes,None,0,126466,63744,2026-02-23
O51062,Yes,Yes,None,0,125583,64627,2026-01-28
O51063,No,No,Early,34,0,321701,
O51064,Yes,Yes,None,0,168515,187392,2026-02-23
O51065,No,No,Early,32,0,421817,
O51066,Yes,Yes,None,0,184651,237166,2026-01-06
O51067,No,No,Early,17,0,318874,
O51068,Yes,Yes,None,0,61564,60873,2026-01-09
O51069,No,No,Early,38,0,390233,
O51070,Yes,Yes,None,0,137938,188235,2026-02-27
O51071,Yes,Yes,None,0,178263,147910,2026-03-24
O51072,No,No,Early,38,0,377301,
O51073,Yes,Yes,None,0,209752,217404,2026-03-31
O51074,Yes,Yes,None,0,251569,167120,2026-03-22
O51075,No,No,Early,36,0,418689,
O51076,No,No,Early,41,0,31148,
O51077,Yes,No,Mid,64,5609,25539,
O51078,No,No,Early,40,0,183276,
O51079,Yes,No,Mid,58,26601,156675,
O51080,Yes,Yes,None,0,36481,32910,2026-02-11
O51081,No,No,Early,18,0,69391,
O51082,Yes,Yes,None,0,153886,134412,2026-01-08
O51083,Yes,Yes,None,0,157261,131037,2026-02-27
O51084,Yes,Yes,None,0,151505,165130,2026-01-11
O51085,No,No,Early,43,0,316635,
O51086,No,No,Early,42,0,226588,
O51087,No,No,Early,36,0,48087,
O51088,Yes,Yes,None,0,75385,37414,2026-02-22
O51089,No,No,Early,35,0,430659,
O51090,Yes,Yes,None,0,53778,64964,2026-02-14
O51091,No,No,Early,24,0,118742,
O51092,Yes,Yes,None,0,142418,114628,2026-03-29
O51093,No,No,Early,28,0,143544,
O51094,Yes,Yes,None,0,77634,88609,2026-02-25
O51095,No,No,Early,34,0,166243,
O51096,Yes,Yes,None,0,199378,169506,2026-03-14
O51097,No,No,Early,21,0,62728,
O51098,Yes,No,Mid,62,21528,65113,
O51099,Yes,No,Mid,37,24452,62189,
O51100,No,No,Early,33,0,348296,
O51101,No,No,Early,24,0,185307,
O51102,Yes,Yes,None,0,57270,38394,2026-02-10
O51103,Yes,Yes,None,0,36220,36948,2026-01-09
O51104,Yes,No,Mid,73,18877,54291,
O51105,Yes,Yes,None,0,192067,91736,2026-01-31
O51106,No,No,Early,30,0,354403,
O51107,No,No,Early,41,0,215798,
O51108,Yes,Yes,None,0,144260,163971,2026-01-12
O51109,No,No,Early,26,0,308231,
O51110,No,No,Early,20,0,359162,
O51111,Yes,Yes,None,0,183911,175251,2026-01-04
O51112,Yes,Yes,None,0,260226,189222,2026-02-13
O51113,Yes,Yes,None,0,103327,98468,2026-01-16
O51114,Yes,No,Mid,43,22190,89879,
O51115,Yes,Yes,None,0,65015,47054,2026-01-10
O51116,No,No,Early,43,0,282800,
O51117,No,No,Early,35,0,479604,
O51118,Yes,Yes,None,0,82258,72231,2026-03-31
O51119,No,No,Early,22,0,425554,
O51120,No,No,Early,44,0,425554,
O51121,No,No,Early,27,0,63838,
O51122,Yes,Yes,None,0,113194,145409,2026-01-24
O51123,No,No,Early,17,0,258603,
O51124,No,No,Early,27,0,309887,
O51125,Yes,No,Mid,48,30617,143812,
O51126,Yes,Yes,None,0,110907,63522,2026-01-21
O51127,No,No,Early,39,0,326095,
O51128,Yes,No,Mid,68,51126,209069,
O51129,Yes,Yes,None,0,166886,76584,2026-01-23
O51130,Yes,No,Mid,77,40258,203212,
O51131,No,No,Early,19,0,103075,
O51132,No,No,Early,29,0,404168,
O51133,Yes,Yes,None,0,76939,58545,2026-01-20
O51134,No,No,Early,39,0,477552,
O51135,Yes,Yes,None,0,91321,53080,2026-01-27
O51136,Yes,Yes,None,0,83940,124261,2026-02-18
O51137,Yes,Yes,None,0,68679,61617,2026-01-18
O51138,Yes,Yes,None,0,83791,96702,2026-01-08
O51139,Yes,Yes,None,0,125216,55277,2026-02-15
O51140,No,No,Early,44,0,160468,
O51141,Yes,Yes,None,0,79718,80750,2026-02-16
O51142,No,No,Early,29,0,207206,
O51143,Yes,Yes,None,0,101860,96461,2026-03-04
O51144,Yes,No,Mid,65,74666,189574,
O51145,No,No,Early,37,0,130637,
O51146,Yes,Yes,None,0,131678,91102,2026-02-12
O51147,Yes,Yes,None,0,118123,104657,2026-01-06
O51148,No,No,Early,43,0,80206,
O51149,Yes,Yes,None,0,41736,38470,2026-03-03
O51150,No,No,Early,23,0,465909,
O51151,Yes,No,Mid,54,12419,79201,
O51152,No,No,Early,39,0,211475,
O51153,No,No,Early,26,0,434655,
O51154,Yes,No,Mid,40,73268,280513,
O51155,Yes,No,Mid,43,55407,298374,
O51156,Yes,Yes,None,0,17743,9214,2026-03-19
O51157,Yes,Yes,None,0,104626,116978,2026-01-23
O51158,Yes,Yes,None,0,146203,75401,2026-02-26
O51159,No,No,Early,44,0,272282,
O51160,No,No,Early,23,0,387220,
O51161,Yes,No,Mid,53,4977,12079,
O51162,No,No,Early,26,0,17056,
O51163,No,No,Early,42,0,305299,
O51164,Yes,Yes,None,0,204975,100324,2026-02-06
O51165,Yes,Yes,None,0,68415,52978,2026-03-28
O51166,No,No,Early,37,0,183904,
O51167,Yes,Yes,None,0,118445,83715,2026-01-23
O51168,Yes,No,Mid,49,38965,163195,
O51169,No,No,Early,22,0,271624,
O51170,No,No,Early,40,0,391756,
O51171,No,No,Early,17,0,100997,
O51172,Yes,Yes,None,0,57901,43096,2026-01-27
O51173,Yes,Yes,None,0,174379,255972,2026-03-03
O51174,Yes,No,Mid,88,89817,340534,
O51175,No,No,Early,15,0,172381,
O51176,Yes,No,Mid,34,5410,35835,
O51177,No,No,Early,34,0,41245,
O51178,Yes,No,Mid,72,73298,178977,
O51179,No,No,Early,29,0,24586,
O51180,Yes,Yes,None,0,45571,45948,2026-02-17
O51181,No,No,Early,35,0,232850,
O51182,No,No,Early,37,0,388096,
O51183,Yes,Yes,None,0,120694,86264,2026-02-02
O51184,No,No,Early,28,0,197506,
O51185,No,No,Early,16,0,80197,
O51186,No,No,Early,16,0,375372,
O51187,Yes,No,Mid,38,3269,20743,
O51188,No,No,Early,40,0,193448,
O51189,Yes,Yes,None,0,112341,74681,2026-03-10
O51190,No,No,Early,44,0,414806,
O51191,Yes,Yes,None,0,207132,110812,2026-03-19
O51192,No,No,Early,30,0,317944,
O51193,No,No,Early,39,0,429380,
O51194,No,No,Early,26,0,429380,
O51195,No,No,Early,39,0,15615,
O51196,No,No,Early,44,0,28317,
O51197,No,No,Early,28,0,175441,
O51198,No,No,Early,36,0,246979,
O51199,Yes,No,Mid,67,28674,82024,
O51200,No,No,Early,24,0,110698,
O51201,Yes,Yes,None,0,290707,132898,2026-03-07
O51202,Yes,No,Mid,53,22287,129687,
O51203,No,No,Early,20,0,151974,
O51204,Yes,Yes,None,0,168617,209222,2026-03-12
O51205,No,No,Early,18,0,377839,
O51206,No,No,Early,37,0,430019,
O51207,Yes,Yes,None,0,72541,75944,2026-01-29
O51208,No,No,Early,16,0,244394,
O51209,No,No,Early,43,0,375962,
O51210,No,No,Early,25,0,351473,
O51211,Yes,Yes,None,0,197490,153983,2026-03-25
O51212,Yes,Yes,None,0,85053,51769,2026-02-09
O51213,No,No,Early,35,0,134233,
O51214,No,No,Early,44,0,134233,
O51215,Yes,Yes,None,0,312500,138901,2026-01-05
O51216,Yes,Yes,None,0,215609,147085,2026-02-17
O51217,No,No,Early,36,0,193810,
O51218,No,No,Early,18,0,325569,
O51219,No,No,Early,15,0,124398,
O51220,Yes,Yes,None,0,61919,62479,2026-03-18
O51221,No,No,Early,34,0,476535,
O51222,No,No,Early,18,0,67243,
O51223,Yes,No,Mid,58,62025,369577,
O51224,Yes,Yes,None,0,215808,116433,2026-03-12
O51225,No,No,Early,30,0,297072,
O51226,No,No,Early,30,0,21125,
O51227,Yes,Yes,None,0,14683,6442,2026-03-03
O51228,No,No,Early,19,0,279813,
O51229,Yes,Yes,None,0,118312,161501,2026-02-27
O51230,Yes,Yes,None,0,18936,8937,2026-02-09
O51231,No,No,Early,30,0,189079,
O51232,Yes,Yes,None,0,112418,112065,2026-01-05
O51233,No,No,Early,15,0,230618,
O51234,No,No,Early,30,0,230618,
O51235,No,No,Early,17,0,422464,
O51236,No,No,Early,29,0,224066,
O51237,No,No,Early,44,0,224066,
O51238,No,No,Early,25,0,149942,
O51239,No,No,Early,24,0,149942,
O51240,Yes,Yes,None,0,114721,61380,2026-02-14
O51241,Yes,Yes,None,0,28379,32010,2026-03-27
O51242,Yes,No,Mid,36,13117,47272,
O51243,Yes,Yes,None,0,199091,190593,2026-02-04
O51244,Yes,Yes,None,0,40943,20583,2026-02-20
O51245,Yes,No,Mid,67,14080,121304,
O51246,Yes,Yes,None,0,93803,41581,2026-01-09
O51247,No,No,Early,16,0,338938,
O51248,Yes,Yes,None,0,98270,116663,2026-03-29
O51249,Yes,No,Mid,31,14748,61582,
O51250,No,No,Early,20,0,402150,
O51251,Yes,No,Mid,53,41529,360621,
O51252,No,No,Early,29,0,194044,
O51253,Yes,Yes,None,0,97305,96739,2026-01-09
O51254,Yes,Yes,None,0,151191,218127,2026-02-08
O51255,Yes,Yes,None,0,163447,205871,2026-03-23
O51256,Yes,No,Mid,36,1703,14607,
O51257,No,No,Early,22,0,16310,
O51258,Yes,No,Mid,76,88169,302566,
O51259,Yes,Yes,None,0,213573,177162,2026-01-07
O51260,Yes,Yes,None,0,42743,20538,2026-02-06
O51261,Yes,Yes,None,0,39839,23442,2026-01-16
O51262,Yes,Yes,None,0,171836,81572,2026-03-20
O51263,No,No,Early,24,0,253408,
O51264,Yes,Yes,None,0,122897,96585,2026-02-24
O51265,Yes,Yes,None,0,93726,61935,2026-02-07
O51266,Yes,Yes,None,0,108355,47306,2026-02-02
O51267,Yes,No,Mid,76,16739,92710,
O51268,No,No,Early,20,0,466313,
O51269,Yes,Yes,None,0,23253,13384,2026-02-20
O51270,No,No,Early,22,0,207176,
O51271,No,No,Early,43,0,162215,
O51272,Yes,Yes,None,0,160751,91534,2026-03-25
O51273,Yes,Yes,None,0,164271,88014,2026-01-17
O51274,Yes,Yes,None,0,185251,171511,2026-01-01
O51275,Yes,Yes,None,0,241812,114950,2026-03-30
O51276,Yes,Yes,None,0,180830,116584,2026-01-20
O51277,No,No,Early,15,0,403044,
O51278,No,No,Early,42,0,257368,
O51279,No,No,Early,39,0,204007,
O51280,Yes,No,Mid,35,21451,77454,
O51281,Yes,Yes,None,0,46429,52476,2026-02-23
O51282,No,No,Early,26,0,286602,
O51283,No,No,Early,36,0,325499,
O51284,No,No,Early,22,0,325499,
O51285,Yes,Yes,None,0,21204,14763,2026-01-11
O51286,No,No,Early,31,0,35967,
O51287,Yes,No,Mid,39,65001,345721,
O51288,No,No,Early,32,0,410722,
O51289,Yes,No,Mid,39,55407,243289,
O51290,Yes,No,Mid,51,61500,237196,
O51291,No,No,Early,41,0,109328,
O51292,Yes,Yes,None,0,174945,217426,2026-02-23
O51293,Yes,No,Mid,84,54600,337771,
O51294,No,No,Early,42,0,310644,
O51295,Yes,Yes,None,0,192650,117994,2026-03-14
O51296,Yes,Yes,None,0,23251,23690,2026-03-13
O51297,No,No,Early,41,0,74834,
O51298,No,No,Early,36,0,339768,
O51299,Yes,No,Mid,50,98407,367180,
O51300,No,No,Early,29,0,465587,
O51301,No,No,Early,44,0,141560,
O51302,Yes,Yes,None,0,173413,228907,2026-01-18
O51303,No,No,Early,17,0,402320,
O51304,Yes,Yes,None,0,119030,109797,2026-02-18
O51305,Yes,Yes,None,0,115948,112879,2026-03-14
O51306,Yes,Yes,None,0,55987,36413,2026-02-09
O51307,Yes,Yes,None,0,56624,35776,2026-02-04
O51308,No,No,Early,34,0,91497,
O51309,No,No,Early,26,0,328062,
O51310,No,No,Early,16,0,95543,
O51311,Yes,Yes,None,0,40412,55131,2026-03-25
O51312,Yes,Yes,None,0,42449,20568,2026-01-29
O51313,Yes,Yes,None,0,105609,150538,2026-02-16
O51314,No,No,Early,20,0,145654,
O51315,No,No,Early,37,0,373591,
O51316,No,No,Early,27,0,303389,
O51317,No,No,Early,23,0,303389,
O51318,Yes,No,Mid,45,62245,286738,
O51319,Yes,No,Mid,85,37341,311642,
O51320,Yes,No,Mid,75,16283,67625,
O51321,Yes,Yes,None,0,46508,37400,2026-01-12
O51322,No,No,Early,34,0,407414,
O51323,Yes,No,Mid,63,15146,126545,
O51324,No,No,Early,36,0,141691,
O51325,Yes,No,Mid,49,42906,105115,
O51326,No,No,Early,16,0,277081,
O51327,No,No,Early,41,0,277081,
O51328,Yes,Yes,None,0,218032,244511,2026-03-19
O51329,Yes,No,Mid,35,92589,369954,
O51330,Yes,No,Mid,37,51563,301000,
O51331,No,No,Early,39,0,352563,
O51332,Yes,Yes,None,0,119415,57265,2026-01-04
O51333,Yes,No,Mid,69,89183,262323,
O51334,No,No,Early,37,0,351506,
O51335,No,No,Early,26,0,112357,
O51336,No,No,Early,37,0,50133,
O51337,No,No,Early,39,0,50133,
O51338,No,No,Early,29,0,231585,
O51339,Yes,No,Mid,60,13531,32465,
O51340,No,No,Early,32,0,45996,
O51341,Yes,Yes,None,0,51762,25153,2026-03-18
O51342,Yes,No,Mid,87,16357,60558,
O51343,No,No,Early,20,0,77399,
O51344,No,No,Early,26,0,112812,
O51345,Yes,Yes,None,0,105981,85815,2026-02-27
O51346,No,No,Early,16,0,161509,
O51347,Yes,No,Mid,57,67921,334819,
O51348,Yes,No,Mid,79,55025,347715,
O51349,No,No,Early,22,0,439393,
O51350,No,No,Early,39,0,172517,
O51351,Yes,Yes,None,0,112054,149548,2026-01-29
O51352,Yes,Yes,None,0,105203,156399,2026-01-12
O51353,No,No,Early,23,0,479495,
O51354,Yes,Yes,None,0,269219,210276,2026-02-15
O51355,No,No,Early,22,0,414034,
O51356,No,No,Early,33,0,414034,
O51357,No,No,Early,17,0,130594,
O51358,No,No,Early,23,0,130594,
O51359,No,No,Early,27,0,136103,
O51360,No,No,Early,23,0,136103,
O51361,Yes,Yes,None,0,293280,175602,2026-03-19
O51362,Yes,Yes,None,0,112818,96906,2026-02-21
O51363,Yes,Yes,None,0,102987,106737,2026-03-25
O51364,No,No,Early,27,0,374593,
O51365,No,No,Early,35,0,373111,
O51366,No,No,Early,27,0,216984,
O51367,No,No,Early,31,0,238720,
O51368,Yes,Yes,None,0,100721,137999,2026-03-19
O51369,No,No,Early,17,0,95880,
O51370,No,No,Early,28,0,341867,
O51371,Yes,No,Mid,69,49894,238602,
O51372,Yes,No,Mid,40,69687,326652,
O51373,No,No,Early,23,0,396339,
O51374,Yes,No,Mid,84,11909,86497,
O51375,Yes,No,Mid,40,53744,165719,
O51376,No,No,Early,31,0,449412,
O51377,No,No,Early,20,0,449412,
O51378,Yes,Yes,None,0,222725,235022,2026-03-24
O51379,Yes,No,Mid,72,13865,73887,
O51380,No,No,Early,23,0,87752,
O51381,No,No,Early,23,0,47400,
O51382,No,No,Early,42,0,19934,
O51383,No,No,Early,22,0,284283,
O51384,No,No,Early,17,0,284283,
O51385,Yes,Yes,None,0,174506,85450,2026-01-01
O51386,No,No,Early,31,0,233474,
O51387,Yes,Yes,None,0,129809,73250,2026-02-07
O51388,Yes,No,Mid,51,17045,65907,
O51389,No,No,Early,20,0,118313,
O51390,No,No,Early,29,0,416048,
O51391,No,No,Early,21,0,416048,
O51392,No,No,Early,26,0,139130,
O51393,No,No,Early,30,0,53769,
O51394,Yes,No,Mid,31,6379,47390,
O51395,No,No,Early,36,0,159408,
O51396,Yes,Yes,None,0,89905,69503,2026-03-10
O51397,Yes,No,Mid,39,25929,60979,
O51398,Yes,Yes,None,0,42584,44324,2026-03-02
O51399,No,No,Early,28,0,365579,
O51400,No,No,Early,34,0,236224,
O51401,Yes,No,Mid,58,58871,177353,
O51402,Yes,No,Mid,31,54207,170636,
O51403,No,No,Early,30,0,418157,
O51404,Yes,No,Mid,42,82890,335267,
O51405,No,No,Early,15,0,125078,
O51406,Yes,Yes,None,0,114517,158915,2026-03-16
O51407,Yes,Yes,None,0,238019,133062,2026-03-07
O51408,Yes,No,Mid,84,103661,267420,
O51409,No,No,Early,21,0,57873,
O51410,No,No,Early,26,0,57873,
O51411,No,No,Early,27,0,305432,
O51412,No,No,Early,19,0,305432,
O51413,Yes,Yes,None,0,163521,134640,2026-01-20
O51414,Yes,Yes,None,0,202347,95814,2026-01-23
O51415,Yes,Yes,None,0,95652,123553,2026-03-11
O51416,Yes,Yes,None,0,95494,43649,2026-01-14
O51417,Yes,No,Mid,52,26327,80314,
O51418,Yes,Yes,None,0,44219,22426,2026-03-15
O51419,Yes,Yes,None,0,57506,70259,2026-01-15
O51420,No,No,Early,15,0,196434,
O51421,Yes,Yes,None,0,229486,191835,2026-01-30
O51422,No,No,Early,42,0,239215,
O51423,No,No,Early,28,0,239215,
O51424,Yes,Yes,None,0,76545,84374,2026-03-19
O51425,Yes,No,Mid,71,28916,132003,
O51426,Yes,Yes,None,0,59234,77495,2026-02-13
O51427,Yes,Yes,None,0,58426,67938,2026-01-06
O51428,Yes,Yes,None,0,54761,71603,2026-01-03
O51429,Yes,Yes,None,0,273766,184775,2026-03-11
O51430,Yes,Yes,None,0,46528,29436,2026-01-07
O51431,No,No,Early,27,0,168552,
O51432,Yes,Yes,None,0,88932,79620,2026-03-15
O51433,Yes,Yes,None,0,120214,125668,2026-02-24
O51434,Yes,Yes,None,0,53537,36139,2026-03-19
O51435,Yes,Yes,None,0,115372,64564,2026-01-30
O51436,No,No,Early,33,0,246745,
O51437,Yes,Yes,None,0,158002,88743,2026-01-05
O51438,No,No,Early,32,0,439502,
O51439,Yes,Yes,None,0,208883,119976,2026-02-19
O51440,Yes,Yes,None,0,22397,14667,2026-02-27
O51441,Yes,Yes,None,0,203866,154377,2026-02-28
O51442,Yes,No,Mid,70,37105,203837,
O51443,Yes,No,Mid,73,122636,291549,
O51444,Yes,Yes,None,0,252976,161202,2026-01-08
O51445,Yes,No,Mid,87,77475,336703,
O51446,No,No,Early,42,0,188762,
O51447,No,No,Early,18,0,188762,
O51448,Yes,No,Mid,64,36763,148869,
O51449,Yes,Yes,None,0,205081,207406,2026-01-07
O51450,No,No,Early,25,0,385425,
O51451,No,No,Early,40,0,344112,
O51452,Yes,No,Mid,85,126458,330474,
O51453,Yes,Yes,None,0,92885,46905,2026-02-07
O51454,No,No,Early,36,0,35140,
O51455,Yes,No,Mid,43,84756,274994,
O51456,Yes,No,Mid,73,60173,339135,
O51457,No,No,Early,20,0,198239,
O51458,Yes,Yes,None,0,88432,81150,2026-02-19
O51459,No,No,Early,37,0,213300,
O51460,No,No,Early,42,0,213300,
O51461,No,No,Early,30,0,365292,
O51462,Yes,Yes,None,0,168528,196764,2026-03-28
O51463,Yes,Yes,None,0,267033,207960,2026-02-27
O51464,No,No,Early,33,0,474993,
O51465,No,No,Early,21,0,282041,
O51466,No,No,Early,39,0,132952,
O51467,Yes,No,Mid,41,11728,72625,
O51468,Yes,Yes,None,0,34685,49668,2026-02-08
O51469,Yes,No,Mid,72,29453,80687,
O51470,No,No,Early,32,0,476000,
O51471,Yes,Yes,None,0,118122,168158,2026-03-08
O51472,Yes,No,Mid,30,91539,258599,
O51473,No,No,Early,44,0,350138,
O51474,No,No,Early,38,0,358019,
O51475,No,No,Early,27,0,358019,
O51476,Yes,Yes,None,0,189894,137978,2026-01-23
O51477,Yes,No,Mid,81,70192,300270,
O51478,Yes,No,Mid,31,77370,293092,
O51479,No,No,Early,31,0,445898,
O51480,Yes,Yes,None,0,18505,25913,2026-02-27
O51481,Yes,Yes,None,0,164983,107487,2026-02-24
O51482,Yes,Yes,None,0,131293,72009,2026-01-21
O51483,Yes,No,Mid,40,77591,217865,
O51484,No,No,Early,22,0,366734,
O51485,Yes,Yes,None,0,81360,39273,2026-03-10
O51486,Yes,Yes,None,0,77929,42704,2026-02-09
O51487,Yes,Yes,None,0,61677,92097,2026-02-11
O51488,Yes,No,Mid,77,38795,114979,
O51489,Yes,Yes,None,0,6729,8289,2026-02-01
O51490,No,No,Early,38,0,349302,
O51491,Yes,Yes,None,0,234422,114880,2026-01-10
O51492,No,No,Early,39,0,152661,
O51493,No,No,Early,31,0,66827,
O51494,No,No,Early,17,0,385754,
O51495,Yes,Yes,None,0,44399,30089,2026-01-31
O51496,No,No,Early,24,0,74488,
O51497,No,No,Early,25,0,459550,
O51498,Yes,Yes,None,0,267232,192318,2026-01-21
O51499,Yes,Yes,None,0,33330,25705,2026-03-17
O51500,Yes,Yes,None,0,32490,26545,2026-03-26
O51501,Yes,Yes,None,0,9317,12770,2026-01-04
O51502,Yes,No,Mid,47,21712,91519,
O51503,Yes,Yes,None,0,75912,68524,2026-03-02
O51504,Yes,Yes,None,0,83298,61138,2026-01-11
O51505,Yes,Yes,None,0,23753,32345,2026-01-29
O51506,Yes,No,Mid,75,52940,388687,
O51507,Yes,Yes,None,0,244739,196888,2026-03-06
O51508,Yes,Yes,None,0,146514,99328,2026-01-23
O51509,Yes,Yes,None,0,65886,31097,2026-01-15
O51510,Yes,Yes,None,0,59364,37619,2026-01-10
O51511,No,No,Early,33,0,432260,
O51512,No,No,Early,39,0,160138,
O51513,No,No,Early,39,0,418150,
O51514,No,No,Early,28,0,418150,
O51515,No,No,Early,25,0,236325,
O51516,No,No,Early,23,0,117820,
O51517,Yes,Yes,None,0,240267,143156,2026-03-12
O51518,No,No,Early,17,0,383423,
O51519,Yes,Yes,None,0,139741,160669,2026-02-01
O51520,No,No,Early,40,0,300410,
O51521,Yes,Yes,None,0,95358,92447,2026-01-29
O51522,No,No,Early,37,0,187805,
O51523,No,No,Early,41,0,134097,
O51524,Yes,Yes,None,0,77787,56310,2026-02-03
O51525,Yes,Yes,None,0,128305,183344,2026-01-07
O51526,No,No,Early,16,0,233438,
O51527,Yes,Yes,None,0,121645,111793,2026-02-17
O51528,Yes,No,Mid,69,101618,256749,
O51529,No,No,Early,29,0,358367,
O51530,Yes,Yes,None,0,268598,155218,2026-03-31
O51531,No,No,Early,35,0,69895,
O51532,Yes,No,Mid,44,77234,339970,
O51533,No,No,Early,38,0,205984,
O51534,Yes,Yes,None,0,108144,97840,2026-03-07
O51535,No,No,Early,25,0,159143,
O51536,No,No,Early,39,0,159143,
O51537,No,No,Early,22,0,310719,
O51538,Yes,Yes,None,0,218597,106290,2026-03-31
O51539,Yes,No,Mid,65,83539,274985,
O51540,No,No,Early,25,0,358524,
O51541,Yes,Yes,None,0,137386,201993,2026-01-14
O51542,Yes,Yes,None,0,165541,173838,2026-02-06
O51543,No,No,Early,38,0,227338,
O51544,Yes,Yes,None,0,132477,84824,2026-03-08
O51545,No,No,Early,20,0,217301,
O51546,No,No,Early,21,0,205664,
O51547,No,No,Early,28,0,205664,
O51548,Yes,Yes,None,0,157840,112095,2026-03-18
O51549,No,No,Early,19,0,269935,
O51550,No,No,Early,34,0,103918,
O51551,Yes,Yes,None,0,65617,38301,2026-01-21
O51552,Yes,Yes,None,0,90592,56624,2026-03-26
O51553,No,No,Early,44,0,147216,
O51554,Yes,No,Mid,87,105961,355679,
O51555,Yes,Yes,None,0,262527,199113,2026-01-24
O51556,No,No,Early,28,0,331921,
O51557,Yes,No,Mid,77,18011,132351,
O51558,No,No,Early,16,0,150362,
O51559,No,No,Early,24,0,65357,
O51560,Yes,No,Mid,61,22042,101338,
O51561,No,No,Early,42,0,290995,
O51562,No,No,Early,23,0,319280,
O51563,No,No,Early,21,0,245431,
O51564,Yes,No,Mid,64,41285,204146,
O51565,Yes,No,Mid,60,108819,310166,
O51566,Yes,Yes,None,0,285130,133855,2026-01-03
O51567,Yes,Yes,None,0,181810,208165,2026-02-07
O51568,No,No,Early,22,0,142894,
O51569,Yes,Yes,None,0,35657,18035,2026-03-19
O51570,No,No,Early,33,0,445037,
O51571,Yes,Yes,None,0,264643,180394,2026-02-26
O51572,No,No,Early,31,0,369100,
O51573,No,No,Early,24,0,369100,
O51574,No,No,Early,23,0,365404,
O51575,No,No,Early,36,0,201478,
O51576,No,No,Early,20,0,201478,
O51577,Yes,Yes,None,0,174864,154765,2026-03-29
O51578,Yes,Yes,None,0,15721,19822,2026-03-09
O51579,No,No,Early,30,0,35543,
O51580,Yes,No,Mid,41,42691,247850,
O51581,Yes,No,Mid,45,26754,131677,
O51582,No,No,Early,18,0,158431,
O51583,No,No,Early,26,0,34674,
O51584,No,No,Early,31,0,34674,
O51585,No,No,Early,15,0,118229,
O51586,No,No,Early,36,0,306525,
O51587,Yes,No,Mid,62,82222,383905,
O51588,No,No,Early,41,0,466127,
O51589,Yes,Yes,None,0,189715,221295,2026-03-05
O51590,Yes,Yes,None,0,244570,166440,2026-02-04
O51591,Yes,No,Mid,73,26747,184835,
O51592,No,No,Early,41,0,295866,
O51593,No,No,Early,18,0,271306,
O51594,Yes,Yes,None,0,154162,117144,2026-01-10
O51595,Yes,Yes,None,0,54173,74235,2026-03-22
O51596,No,No,Early,27,0,292961,
O51597,No,No,Early,18,0,303237,
O51598,No,No,Early,24,0,252015,
O51599,Yes,Yes,None,0,188299,209140,2026-01-04
O51600,Yes,Yes,None,0,300535,149664,2026-03-21
O51601,Yes,Yes,None,0,226991,223208,2026-02-25
O51602,Yes,Yes,None,0,70547,42206,2026-01-14
O51603,No,No,Early,33,0,112753,
O51604,Yes,Yes,None,0,216959,102020,2026-02-22
O51605,Yes,Yes,None,0,141888,136492,2026-03-02
O51606,No,No,Early,37,0,278380,
O51607,Yes,Yes,None,0,132523,188812,2026-03-26
O51608,Yes,Yes,None,0,36084,38531,2026-02-01
O51609,No,No,Early,42,0,74615,
O51610,No,No,Early,40,0,302111,
O51611,Yes,Yes,None,0,138878,114454,2026-02-27
O51612,Yes,Yes,None,0,120506,132826,2026-01-19
O51613,No,No,Early,18,0,80671,
O51614,Yes,Yes,None,0,70843,92174,2026-01-31
O51615,Yes,Yes,None,0,113884,49133,2026-03-01
O51616,Yes,Yes,None,0,174549,81788,2026-01-20
O51617,No,No,Early,33,0,366161,
O51618,No,No,Early,24,0,146195,
O51619,No,No,Early,26,0,458509,
O51620,Yes,Yes,None,0,118917,130407,2026-03-14
O51621,Yes,Yes,None,0,105479,143845,2026-03-05
O51622,Yes,No,Mid,71,41918,105129,
O51623,Yes,Yes,None,0,98840,48207,2026-01-29
O51624,No,No,Early,20,0,388830,
O51625,Yes,Yes,None,0,82843,56292,2026-02-17
O51626,No,No,Early,41,0,139135,
O51627,No,No,Early,36,0,372345,
O51628,No,No,Early,40,0,225926,
O51629,Yes,Yes,None,0,197607,178274,2026-02-16
O51630,Yes,Yes,None,0,237676,232023,2026-01-15
O51631,Yes,Yes,None,0,165288,83048,2026-03-31
O51632,No,No,Early,33,0,38390,
O51633,Yes,Yes,None,0,127478,130458,2026-02-02
O51634,No,No,Early,41,0,257936,
O51635,Yes,Yes,None,0,99884,98073,2026-02-21
O51636,No,No,Early,27,0,197957,
O51637,Yes,Yes,None,0,194669,190983,2026-01-17
O51638,Yes,Yes,None,0,132650,62379,2026-01-23
O51639,Yes,Yes,None,0,57541,47065,2026-02-20
O51640,No,No,Early,28,0,165184,
O51641,Yes,Yes,None,0,85158,51834,2026-02-14
O51642,No,No,Early,35,0,311695,
O51643,No,No,Early,38,0,477441,
O51644,Yes,Yes,None,0,156088,200822,2026-01-15
O51645,No,No,Early,42,0,160384,
O51646,Yes,Yes,None,0,9694,13308,2026-03-24
O51647,No,No,Early,42,0,145864,
O51648,No,No,Early,24,0,78271,
O51649,Yes,Yes,None,0,124185,134815,2026-01-31
O51650,No,No,Early,32,0,295602,
O51651,No,No,Early,34,0,295602,
O51652,Yes,Yes,None,0,63366,80916,2026-02-19
O51653,No,No,Early,31,0,187492,
O51654,Yes,Yes,None,0,88891,98601,2026-03-17
O51655,No,No,Early,42,0,454600,
O51656,No,No,Early,15,0,428623,
O51657,No,No,Early,32,0,447058,
O51658,No,No,Early,18,0,316829,
O51659,No,No,Early,37,0,316829,
O51660,Yes,No,Mid,86,96077,276402,
O51661,Yes,Yes,None,0,185706,186773,2026-02-18
O51662,Yes,Yes,None,0,54070,47320,2026-01-21
O51663,Yes,Yes,None,0,59388,42002,2026-01-15
O51664,No,No,Early,20,0,138355,
O51665,Yes,No,Mid,65,46733,116883,
O51666,Yes,Yes,None,0,92456,71160,2026-03-30
O51667,No,No,Early,43,0,476373,
O51668,No,No,Early,19,0,476373,
O51669,Yes,Yes,None,0,174126,76450,2026-01-09
O51670,Yes,Yes,None,0,300690,130894,2026-03-16
O51671,Yes,Yes,None,0,209966,221618,2026-02-15
O51672,No,No,Early,18,0,355398,
O51673,Yes,No,Mid,38,32437,276166,
O51674,No,No,Early,43,0,467132,
O51675,Yes,Yes,None,0,157768,150809,2026-03-17
O51676,Yes,Yes,None,0,146779,161798,2026-02-23
O51677,Yes,No,Mid,45,54903,238368,
O51678,No,No,Early,35,0,318658,
O51679,Yes,Yes,None,0,54781,68982,2026-01-03
O51680,No,No,Early,32,0,56986,
O51681,No,No,Early,20,0,56986,
O51682,Yes,Yes,None,0,157615,229315,2026-01-02
O51683,Yes,No,Mid,82,88761,223552,
O51684,Yes,No,Mid,82,38464,273849,
O51685,No,No,Early,41,0,15530,
O51686,Yes,Yes,None,0,89213,111108,2026-01-26
O51687,No,No,Early,32,0,452239,
O51688,Yes,Yes,None,0,59187,68509,2026-02-09
O51689,No,No,Early,18,0,26116,
O51690,Yes,Yes,None,0,10912,15204,2026-01-16
O51691,No,No,Early,40,0,415222,
O51692,Yes,No,Mid,63,11972,52675,
O51693,No,No,Early,44,0,64647,
O51694,Yes,Yes,None,0,99972,87624,2026-02-25
O51695,Yes,No,Mid,31,28692,158904,
O51696,Yes,Yes,None,0,213414,133228,2026-02-18
O51697,No,No,Early,16,0,346642,
O51698,Yes,Yes,None,0,71041,66600,2026-02-07
O51699,No,No,Early,20,0,159776,
O51700,Yes,Yes,None,0,292444,186800,2026-01-30
O51701,Yes,No,Mid,81,62268,259667,
O51702,Yes,Yes,None,0,135536,96343,2026-02-17
O51703,Yes,No,Mid,52,39554,192325,
O51704,Yes,No,Mid,42,18462,62249,
O51705,Yes,Yes,None,0,39682,41029,2026-03-07
O51706,No,No,Early,21,0,90348,
O51707,Yes,Yes,None,0,40946,24751,2026-03-30
O51708,No,No,Early,28,0,65697,
O51709,Yes,Yes,None,0,133941,183370,2026-02-10
O51710,Yes,Yes,None,0,151307,82617,2026-03-08
O51711,No,No,Early,42,0,453868,
O51712,Yes,No,Mid,32,46075,407793,
O51713,Yes,Yes,None,0,216031,107809,2026-02-17
O51714,No,No,Early,21,0,323840,
O51715,No,No,Early,17,0,166343,
O51716,Yes,No,Mid,33,48573,117770,
O51717,Yes,Yes,None,0,142147,205582,2026-01-09
O51718,No,No,Early,35,0,347729,
O51719,Yes,Yes,None,0,127354,172781,2026-03-26
O51720,No,No,Early,25,0,300135,
O51721,No,No,Early,36,0,424680,
O51722,Yes,Yes,None,0,279053,145627,2026-03-26
O51723,No,No,Early,33,0,440950,
O51724,Yes,Yes,None,0,228161,212789,2026-03-19
O51725,Yes,No,Mid,61,18510,112232,
O51726,No,No,Early,39,0,46152,
O51727,No,No,Early,43,0,46152,
O51728,No,No,Early,23,0,473213,
O51729,No,No,Early,31,0,451211,
O51730,Yes,Yes,None,0,45920,65746,2026-02-19
O51731,Yes,No,Mid,61,44344,321513,
O51732,Yes,Yes,None,0,194762,171095,2026-03-07
O51733,Yes,No,Mid,83,20662,82100,
O51734,No,No,Early,37,0,102762,
O51735,Yes,No,Mid,34,44855,252808,
O51736,Yes,Yes,None,0,260086,117935,2026-01-21
O51737,Yes,Yes,None,0,25680,22900,2026-02-17
O51738,No,No,Early,18,0,48580,
